{
  "N": 23,
  "E": [
    [0, 1],
    [1, 2],
    [1, 3],
    [3, 4],
    [3, 5],
    [6, 5],
    [6, 11],
    [6, 9],
    [5, 7],
    [5, 8],
    [11, 8],
    [11, 17],
    [8, 12],
    [8, 13],
    [17, 13],
    [13, 18],
    [2, 4],
    [4, 7],
    [7, 12],
    [7, 10],
    [12, 18],
    [21, 19],
    [19, 14],
    [19, 15],
    [9, 15],
    [9, 16],
    [15, 10],
    [15, 20],
    [16, 20],
    [20, 22],
    [14, 10]
  ],
  "P": 5,
  "K": [
    [
      [0, 1], 4
    ],
    [
      [0, 3], 5
    ],
    [
      [0, 4], 2
    ],
    [
      [1, 2], 8
    ],
    [
      [1, 3], 2
    ],
    [
      [1, 4], 1
    ],
    [
      [2, 3], 3
    ],
    [
      [2, 4], 1
    ],
    [
      [3, 4], 8
    ]
  ],
  "F": 100,
  "LB": 7014,
  "grid_graph": {
    "nodes": [
      [
        [0, 0, 0], {
          "pos": [0, 0.0],
          "type": "gate",
          "id": 0,
          "distance": 0
        }
      ],
      [
        [0, 1, 0], {
          "pos": [0, 1.0],
          "type": "hold",
          "id": 1,
          "distance": 1
        }
      ],
      [
        [1, 1, 0], {
          "pos": [1, 1.0],
          "type": "hold",
          "id": 3,
          "distance": 2
        }
      ],
      [
        [2, 0, 0], {
          "pos": [2, 0.0],
          "type": "ramp",
          "id": 6,
          "distance": 4
        }
      ],
      [
        [2, 1, 0], {
          "pos": [2, 1.0],
          "type": "hold",
          "id": 5,
          "distance": 3
        }
      ],
      [
        [3, 0, 0], {
          "pos": [3, 0.0],
          "type": "hold",
          "id": 11,
          "distance": 5
        }
      ],
      [
        [3, 1, 0], {
          "pos": [3, 1.0],
          "type": "hold",
          "id": 8,
          "distance": 4
        }
      ],
      [
        [4, 0, 0], {
          "pos": [4, 0.0],
          "type": "hold",
          "id": 17,
          "distance": 6
        }
      ],
      [
        [4, 1, 0], {
          "pos": [4, 1.0],
          "type": "hold",
          "id": 13,
          "distance": 5
        }
      ],
      [
        [0, 2, 0], {
          "pos": [0, 2.0],
          "type": "hold",
          "id": 2,
          "distance": 2
        }
      ],
      [
        [1, 2, 0], {
          "pos": [1, 2.0],
          "type": "hold",
          "id": 4,
          "distance": 3
        }
      ],
      [
        [2, 2, 0], {
          "pos": [2, 2.0],
          "type": "ramp",
          "id": 7,
          "distance": 4
        }
      ],
      [
        [3, 2, 0], {
          "pos": [3, 2.0],
          "type": "hold",
          "id": 12,
          "distance": 5
        }
      ],
      [
        [4, 2, 0], {
          "pos": [4, 2.0],
          "type": "hold",
          "id": 18,
          "distance": 6
        }
      ],
      [
        [0, 1, 1], {
          "pos": [0, 4.6],
          "type": "hold",
          "id": 21,
          "distance": 8
        }
      ],
      [
        [1, 1, 1], {
          "pos": [1, 4.6],
          "type": "hold",
          "id": 19,
          "distance": 7
        }
      ],
      [
        [2, 0, 1], {
          "pos": [2, 3.5999999999999996],
          "type": "ramp",
          "id": 9,
          "distance": 5
        }
      ],
      [
        [2, 1, 1], {
          "pos": [2, 4.6],
          "type": "hold",
          "id": 15,
          "distance": 6
        }
      ],
      [
        [3, 0, 1], {
          "pos": [3, 3.5999999999999996],
          "type": "hold",
          "id": 16,
          "distance": 6
        }
      ],
      [
        [3, 1, 1], {
          "pos": [3, 4.6],
          "type": "hold",
          "id": 20,
          "distance": 7
        }
      ],
      [
        [4, 1, 1], {
          "pos": [4, 4.6],
          "type": "hold",
          "id": 22,
          "distance": 8
        }
      ],
      [
        [1, 2, 1], {
          "pos": [1, 5.6],
          "type": "hold",
          "id": 14,
          "distance": 6
        }
      ],
      [
        [2, 2, 1], {
          "pos": [2, 5.6],
          "type": "ramp",
          "id": 10,
          "distance": 5
        }
      ]
    ],
    "edges": [
      [
        [0, 0, 0],
        [0, 1, 0], {}
      ],
      [
        [0, 1, 0],
        [0, 2, 0], {}
      ],
      [
        [0, 1, 0],
        [1, 1, 0], {}
      ],
      [
        [1, 1, 0],
        [1, 2, 0], {}
      ],
      [
        [1, 1, 0],
        [2, 1, 0], {}
      ],
      [
        [2, 0, 0],
        [2, 1, 0], {}
      ],
      [
        [2, 0, 0],
        [3, 0, 0], {}
      ],
      [
        [2, 0, 0],
        [2, 0, 1], {
          "ramp": true
        }
      ],
      [
        [2, 1, 0],
        [2, 2, 0], {}
      ],
      [
        [2, 1, 0],
        [3, 1, 0], {}
      ],
      [
        [3, 0, 0],
        [3, 1, 0], {}
      ],
      [
        [3, 0, 0],
        [4, 0, 0], {}
      ],
      [
        [3, 1, 0],
        [3, 2, 0], {}
      ],
      [
        [3, 1, 0],
        [4, 1, 0], {}
      ],
      [
        [4, 0, 0],
        [4, 1, 0], {}
      ],
      [
        [4, 1, 0],
        [4, 2, 0], {}
      ],
      [
        [0, 2, 0],
        [1, 2, 0], {}
      ],
      [
        [1, 2, 0],
        [2, 2, 0], {}
      ],
      [
        [2, 2, 0],
        [3, 2, 0], {}
      ],
      [
        [2, 2, 0],
        [2, 2, 1], {
          "ramp": true
        }
      ],
      [
        [3, 2, 0],
        [4, 2, 0], {}
      ],
      [
        [0, 1, 1],
        [1, 1, 1], {}
      ],
      [
        [1, 1, 1],
        [1, 2, 1], {}
      ],
      [
        [1, 1, 1],
        [2, 1, 1], {}
      ],
      [
        [2, 0, 1],
        [2, 1, 1], {}
      ],
      [
        [2, 0, 1],
        [3, 0, 1], {}
      ],
      [
        [2, 1, 1],
        [2, 2, 1], {}
      ],
      [
        [2, 1, 1],
        [3, 1, 1], {}
      ],
      [
        [3, 0, 1],
        [3, 1, 1], {}
      ],
      [
        [3, 1, 1],
        [4, 1, 1], {}
      ],
      [
        [1, 2, 1],
        [2, 2, 1], {}
      ]
    ]
  }
}