{
  "N": 203,
  "E": [
    [0, 1],
    [0, 2],
    [1, 3],
    [1, 4],
    [2, 4],
    [2, 5],
    [4, 6],
    [4, 7],
    [5, 7],
    [5, 8],
    [7, 10],
    [7, 11],
    [8, 11],
    [11, 13],
    [11, 14],
    [14, 16],
    [14, 17],
    [19, 17],
    [17, 20],
    [20, 22],
    [24, 22],
    [24, 27],
    [22, 25],
    [22, 26],
    [26, 29],
    [26, 30],
    [30, 37],
    [30, 38],
    [38, 50],
    [38, 51],
    [67, 51],
    [67, 87],
    [51, 68],
    [51, 69],
    [87, 69],
    [69, 88],
    [3, 6],
    [6, 9],
    [6, 10],
    [10, 12],
    [10, 13],
    [13, 15],
    [13, 16],
    [16, 18],
    [25, 28],
    [25, 29],
    [29, 36],
    [29, 37],
    [37, 49],
    [37, 50],
    [50, 66],
    [50, 68],
    [68, 88],
    [88, 108],
    [88, 109],
    [109, 128],
    [128, 146],
    [9, 12],
    [12, 15],
    [15, 18],
    [18, 21],
    [21, 23],
    [23, 28],
    [28, 36],
    [28, 34],
    [36, 49],
    [49, 66],
    [164, 147],
    [164, 148],
    [147, 165],
    [147, 129],
    [148, 129],
    [148, 130],
    [129, 149],
    [129, 110],
    [130, 110],
    [130, 111],
    [110, 132],
    [110, 89],
    [111, 89],
    [111, 90],
    [89, 113],
    [89, 70],
    [90, 70],
    [70, 92],
    [70, 52],
    [52, 40],
    [31, 40],
    [31, 27],
    [40, 54],
    [40, 33],
    [27, 33],
    [27, 35],
    [27, 32],
    [33, 44],
    [33, 47],
    [35, 47],
    [47, 61],
    [47, 64],
    [64, 85],
    [85, 106],
    [85, 107],
    [125, 107],
    [107, 127],
    [188, 178],
    [188, 197],
    [178, 163],
    [178, 190],
    [197, 190],
    [190, 180],
    [165, 183],
    [165, 149],
    [149, 169],
    [149, 132],
    [132, 152],
    [132, 113],
    [113, 135],
    [113, 92],
    [92, 116],
    [54, 41],
    [54, 44],
    [44, 34],
    [44, 61],
    [61, 48],
    [106, 86],
    [106, 127],
    [127, 145],
    [145, 161],
    [145, 163],
    [163, 180],
    [180, 191],
    [183, 169],
    [169, 152],
    [152, 135],
    [135, 116],
    [41, 34],
    [34, 48],
    [34, 45],
    [48, 65],
    [65, 86],
    [198, 193],
    [198, 195],
    [193, 182],
    [195, 186],
    [186, 171],
    [186, 173],
    [171, 154],
    [173, 154],
    [173, 156],
    [154, 134],
    [154, 137],
    [156, 137],
    [137, 115],
    [39, 32],
    [32, 43],
    [32, 46],
    [32, 42],
    [43, 60],
    [46, 60],
    [46, 63],
    [60, 79],
    [60, 82],
    [63, 82],
    [63, 84],
    [82, 102],
    [82, 105],
    [84, 105],
    [182, 166],
    [182, 168],
    [168, 150],
    [134, 114],
    [134, 115],
    [115, 93],
    [115, 95],
    [95, 72],
    [79, 62],
    [79, 102],
    [102, 83],
    [166, 150],
    [150, 133],
    [133, 114],
    [114, 93],
    [93, 72],
    [72, 55],
    [55, 45],
    [45, 62],
    [45, 58],
    [62, 83],
    [192, 181],
    [181, 194],
    [181, 167],
    [167, 185],
    [167, 151],
    [131, 151],
    [131, 112],
    [151, 172],
    [112, 91],
    [91, 71],
    [71, 94],
    [71, 53],
    [94, 118],
    [94, 73],
    [53, 73],
    [53, 42],
    [73, 97],
    [73, 57],
    [42, 57],
    [42, 59],
    [42, 56],
    [57, 75],
    [57, 78],
    [59, 78],
    [59, 81],
    [78, 98],
    [78, 101],
    [81, 101],
    [81, 104],
    [101, 121],
    [104, 126],
    [126, 142],
    [126, 144],
    [142, 158],
    [142, 160],
    [144, 160],
    [144, 162],
    [160, 176],
    [162, 179],
    [194, 184],
    [194, 185],
    [185, 170],
    [185, 172],
    [172, 153],
    [172, 155],
    [155, 136],
    [118, 96],
    [118, 97],
    [97, 74],
    [97, 75],
    [75, 58],
    [75, 98],
    [98, 80],
    [98, 121],
    [121, 103],
    [121, 139],
    [139, 124],
    [139, 158],
    [158, 143],
    [158, 176],
    [184, 170],
    [170, 153],
    [153, 136],
    [136, 117],
    [117, 96],
    [96, 74],
    [74, 58],
    [58, 80],
    [58, 76],
    [80, 103],
    [103, 124],
    [124, 143],
    [56, 77],
    [77, 100],
    [100, 120],
    [100, 123],
    [120, 138],
    [123, 141],
    [141, 157],
    [157, 174],
    [157, 175],
    [175, 187],
    [202, 201],
    [201, 200],
    [200, 199],
    [119, 99],
    [119, 138],
    [138, 122],
    [174, 159],
    [174, 187],
    [187, 177],
    [187, 196],
    [196, 189],
    [196, 199],
    [76, 99],
    [99, 122],
    [122, 140],
    [140, 159],
    [159, 177],
    [177, 189]
  ],
  "P": 10,
  "K": [
    [
      [0, 1], 13
    ],
    [
      [0, 2], 16
    ],
    [
      [0, 3], 9
    ],
    [
      [0, 4], 12
    ],
    [
      [0, 5], 8
    ],
    [
      [0, 6], 7
    ],
    [
      [0, 7], 3
    ],
    [
      [0, 8], 8
    ],
    [
      [0, 9], 1
    ],
    [
      [1, 2], 25
    ],
    [
      [1, 3], 16
    ],
    [
      [1, 4], 5
    ],
    [
      [1, 5], 4
    ],
    [
      [1, 6], 4
    ],
    [
      [1, 7], 8
    ],
    [
      [1, 8], 10
    ],
    [
      [1, 9], 5
    ],
    [
      [2, 3], 2
    ],
    [
      [2, 4], 3
    ],
    [
      [2, 5], 8
    ],
    [
      [2, 6], 2
    ],
    [
      [2, 7], 10
    ],
    [
      [2, 8], 4
    ],
    [
      [2, 9], 9
    ],
    [
      [3, 4], 16
    ],
    [
      [3, 5], 10
    ],
    [
      [3, 6], 7
    ],
    [
      [3, 7], 6
    ],
    [
      [3, 8], 12
    ],
    [
      [3, 9], 9
    ],
    [
      [4, 5], 10
    ],
    [
      [4, 6], 4
    ],
    [
      [4, 7], 4
    ],
    [
      [4, 8], 8
    ],
    [
      [4, 9], 5
    ],
    [
      [5, 6], 3
    ],
    [
      [5, 7], 18
    ],
    [
      [5, 8], 14
    ],
    [
      [5, 9], 1
    ],
    [
      [6, 7], 16
    ],
    [
      [6, 8], 12
    ],
    [
      [6, 9], 11
    ],
    [
      [7, 8], 13
    ],
    [
      [7, 9], 14
    ],
    [
      [8, 9], 9
    ]
  ],
  "F": 200,
  "LB": 163963,
  "grid_graph": {
    "nodes": [
      [
        [0, 0, 0], {
          "pos": [0, 0.0],
          "type": "gate",
          "id": 0,
          "distance": 0
        }
      ],
      [
        [0, 1, 0], {
          "pos": [0, 1.0],
          "type": "hold",
          "id": 1,
          "distance": 1
        }
      ],
      [
        [1, 0, 0], {
          "pos": [1, 0.0],
          "type": "hold",
          "id": 2,
          "distance": 1
        }
      ],
      [
        [1, 1, 0], {
          "pos": [1, 1.0],
          "type": "hold",
          "id": 4,
          "distance": 2
        }
      ],
      [
        [2, 0, 0], {
          "pos": [2, 0.0],
          "type": "hold",
          "id": 5,
          "distance": 2
        }
      ],
      [
        [2, 1, 0], {
          "pos": [2, 1.0],
          "type": "hold",
          "id": 7,
          "distance": 3
        }
      ],
      [
        [3, 0, 0], {
          "pos": [3, 0.0],
          "type": "hold",
          "id": 8,
          "distance": 3
        }
      ],
      [
        [3, 1, 0], {
          "pos": [3, 1.0],
          "type": "hold",
          "id": 11,
          "distance": 4
        }
      ],
      [
        [4, 1, 0], {
          "pos": [4, 1.0],
          "type": "hold",
          "id": 14,
          "distance": 5
        }
      ],
      [
        [5, 0, 0], {
          "pos": [5, 0.0],
          "type": "hold",
          "id": 19,
          "distance": 7
        }
      ],
      [
        [5, 1, 0], {
          "pos": [5, 1.0],
          "type": "hold",
          "id": 17,
          "distance": 6
        }
      ],
      [
        [6, 1, 0], {
          "pos": [6, 1.0],
          "type": "hold",
          "id": 20,
          "distance": 7
        }
      ],
      [
        [7, 0, 0], {
          "pos": [7, 0.0],
          "type": "ramp",
          "id": 24,
          "distance": 9
        }
      ],
      [
        [7, 1, 0], {
          "pos": [7, 1.0],
          "type": "hold",
          "id": 22,
          "distance": 8
        }
      ],
      [
        [8, 1, 0], {
          "pos": [8, 1.0],
          "type": "hold",
          "id": 26,
          "distance": 9
        }
      ],
      [
        [9, 1, 0], {
          "pos": [9, 1.0],
          "type": "hold",
          "id": 30,
          "distance": 10
        }
      ],
      [
        [10, 1, 0], {
          "pos": [10, 1.0],
          "type": "hold",
          "id": 38,
          "distance": 11
        }
      ],
      [
        [11, 0, 0], {
          "pos": [11, 0.0],
          "type": "hold",
          "id": 67,
          "distance": 13
        }
      ],
      [
        [11, 1, 0], {
          "pos": [11, 1.0],
          "type": "hold",
          "id": 51,
          "distance": 12
        }
      ],
      [
        [12, 0, 0], {
          "pos": [12, 0.0],
          "type": "hold",
          "id": 87,
          "distance": 14
        }
      ],
      [
        [12, 1, 0], {
          "pos": [12, 1.0],
          "type": "hold",
          "id": 69,
          "distance": 13
        }
      ],
      [
        [0, 2, 0], {
          "pos": [0, 2.0],
          "type": "hold",
          "id": 3,
          "distance": 2
        }
      ],
      [
        [1, 2, 0], {
          "pos": [1, 2.0],
          "type": "hold",
          "id": 6,
          "distance": 3
        }
      ],
      [
        [2, 2, 0], {
          "pos": [2, 2.0],
          "type": "hold",
          "id": 10,
          "distance": 4
        }
      ],
      [
        [3, 2, 0], {
          "pos": [3, 2.0],
          "type": "hold",
          "id": 13,
          "distance": 5
        }
      ],
      [
        [4, 2, 0], {
          "pos": [4, 2.0],
          "type": "hold",
          "id": 16,
          "distance": 6
        }
      ],
      [
        [7, 2, 0], {
          "pos": [7, 2.0],
          "type": "hold",
          "id": 25,
          "distance": 9
        }
      ],
      [
        [8, 2, 0], {
          "pos": [8, 2.0],
          "type": "hold",
          "id": 29,
          "distance": 10
        }
      ],
      [
        [9, 2, 0], {
          "pos": [9, 2.0],
          "type": "hold",
          "id": 37,
          "distance": 11
        }
      ],
      [
        [10, 2, 0], {
          "pos": [10, 2.0],
          "type": "hold",
          "id": 50,
          "distance": 12
        }
      ],
      [
        [11, 2, 0], {
          "pos": [11, 2.0],
          "type": "hold",
          "id": 68,
          "distance": 13
        }
      ],
      [
        [12, 2, 0], {
          "pos": [12, 2.0],
          "type": "hold",
          "id": 88,
          "distance": 14
        }
      ],
      [
        [13, 2, 0], {
          "pos": [13, 2.0],
          "type": "hold",
          "id": 109,
          "distance": 15
        }
      ],
      [
        [14, 2, 0], {
          "pos": [14, 2.0],
          "type": "hold",
          "id": 128,
          "distance": 16
        }
      ],
      [
        [1, 3, 0], {
          "pos": [1, 3.0],
          "type": "hold",
          "id": 9,
          "distance": 4
        }
      ],
      [
        [2, 3, 0], {
          "pos": [2, 3.0],
          "type": "hold",
          "id": 12,
          "distance": 5
        }
      ],
      [
        [3, 3, 0], {
          "pos": [3, 3.0],
          "type": "hold",
          "id": 15,
          "distance": 6
        }
      ],
      [
        [4, 3, 0], {
          "pos": [4, 3.0],
          "type": "hold",
          "id": 18,
          "distance": 7
        }
      ],
      [
        [5, 3, 0], {
          "pos": [5, 3.0],
          "type": "hold",
          "id": 21,
          "distance": 8
        }
      ],
      [
        [6, 3, 0], {
          "pos": [6, 3.0],
          "type": "hold",
          "id": 23,
          "distance": 9
        }
      ],
      [
        [7, 3, 0], {
          "pos": [7, 3.0],
          "type": "ramp",
          "id": 28,
          "distance": 10
        }
      ],
      [
        [8, 3, 0], {
          "pos": [8, 3.0],
          "type": "hold",
          "id": 36,
          "distance": 11
        }
      ],
      [
        [9, 3, 0], {
          "pos": [9, 3.0],
          "type": "hold",
          "id": 49,
          "distance": 12
        }
      ],
      [
        [10, 3, 0], {
          "pos": [10, 3.0],
          "type": "hold",
          "id": 66,
          "distance": 13
        }
      ],
      [
        [12, 3, 0], {
          "pos": [12, 3.0],
          "type": "hold",
          "id": 108,
          "distance": 15
        }
      ],
      [
        [14, 3, 0], {
          "pos": [14, 3.0],
          "type": "hold",
          "id": 146,
          "distance": 17
        }
      ],
      [
        [0, 0, 1], {
          "pos": [0, 4.8],
          "type": "hold",
          "id": 164,
          "distance": 19
        }
      ],
      [
        [0, 1, 1], {
          "pos": [0, 5.8],
          "type": "hold",
          "id": 147,
          "distance": 18
        }
      ],
      [
        [1, 0, 1], {
          "pos": [1, 4.8],
          "type": "hold",
          "id": 148,
          "distance": 18
        }
      ],
      [
        [1, 1, 1], {
          "pos": [1, 5.8],
          "type": "hold",
          "id": 129,
          "distance": 17
        }
      ],
      [
        [2, 0, 1], {
          "pos": [2, 4.8],
          "type": "hold",
          "id": 130,
          "distance": 17
        }
      ],
      [
        [2, 1, 1], {
          "pos": [2, 5.8],
          "type": "hold",
          "id": 110,
          "distance": 16
        }
      ],
      [
        [3, 0, 1], {
          "pos": [3, 4.8],
          "type": "hold",
          "id": 111,
          "distance": 16
        }
      ],
      [
        [3, 1, 1], {
          "pos": [3, 5.8],
          "type": "hold",
          "id": 89,
          "distance": 15
        }
      ],
      [
        [4, 0, 1], {
          "pos": [4, 4.8],
          "type": "hold",
          "id": 90,
          "distance": 15
        }
      ],
      [
        [4, 1, 1], {
          "pos": [4, 5.8],
          "type": "hold",
          "id": 70,
          "distance": 14
        }
      ],
      [
        [5, 1, 1], {
          "pos": [5, 5.8],
          "type": "hold",
          "id": 52,
          "distance": 13
        }
      ],
      [
        [6, 0, 1], {
          "pos": [6, 4.8],
          "type": "hold",
          "id": 31,
          "distance": 11
        }
      ],
      [
        [6, 1, 1], {
          "pos": [6, 5.8],
          "type": "hold",
          "id": 40,
          "distance": 12
        }
      ],
      [
        [7, 0, 1], {
          "pos": [7, 4.8],
          "type": "ramp",
          "id": 27,
          "distance": 10
        }
      ],
      [
        [7, 1, 1], {
          "pos": [7, 5.8],
          "type": "hold",
          "id": 33,
          "distance": 11
        }
      ],
      [
        [8, 0, 1], {
          "pos": [8, 4.8],
          "type": "hold",
          "id": 35,
          "distance": 11
        }
      ],
      [
        [8, 1, 1], {
          "pos": [8, 5.8],
          "type": "hold",
          "id": 47,
          "distance": 12
        }
      ],
      [
        [9, 1, 1], {
          "pos": [9, 5.8],
          "type": "hold",
          "id": 64,
          "distance": 13
        }
      ],
      [
        [10, 1, 1], {
          "pos": [10, 5.8],
          "type": "hold",
          "id": 85,
          "distance": 14
        }
      ],
      [
        [11, 0, 1], {
          "pos": [11, 4.8],
          "type": "hold",
          "id": 125,
          "distance": 16
        }
      ],
      [
        [11, 1, 1], {
          "pos": [11, 5.8],
          "type": "hold",
          "id": 107,
          "distance": 15
        }
      ],
      [
        [13, 0, 1], {
          "pos": [13, 4.8],
          "type": "hold",
          "id": 188,
          "distance": 20
        }
      ],
      [
        [13, 1, 1], {
          "pos": [13, 5.8],
          "type": "hold",
          "id": 178,
          "distance": 19
        }
      ],
      [
        [14, 0, 1], {
          "pos": [14, 4.8],
          "type": "hold",
          "id": 197,
          "distance": 21
        }
      ],
      [
        [14, 1, 1], {
          "pos": [14, 5.8],
          "type": "hold",
          "id": 190,
          "distance": 20
        }
      ],
      [
        [0, 2, 1], {
          "pos": [0, 6.8],
          "type": "hold",
          "id": 165,
          "distance": 19
        }
      ],
      [
        [1, 2, 1], {
          "pos": [1, 6.8],
          "type": "hold",
          "id": 149,
          "distance": 18
        }
      ],
      [
        [2, 2, 1], {
          "pos": [2, 6.8],
          "type": "hold",
          "id": 132,
          "distance": 17
        }
      ],
      [
        [3, 2, 1], {
          "pos": [3, 6.8],
          "type": "hold",
          "id": 113,
          "distance": 16
        }
      ],
      [
        [4, 2, 1], {
          "pos": [4, 6.8],
          "type": "hold",
          "id": 92,
          "distance": 15
        }
      ],
      [
        [6, 2, 1], {
          "pos": [6, 6.8],
          "type": "hold",
          "id": 54,
          "distance": 13
        }
      ],
      [
        [7, 2, 1], {
          "pos": [7, 6.8],
          "type": "hold",
          "id": 44,
          "distance": 12
        }
      ],
      [
        [8, 2, 1], {
          "pos": [8, 6.8],
          "type": "hold",
          "id": 61,
          "distance": 13
        }
      ],
      [
        [10, 2, 1], {
          "pos": [10, 6.8],
          "type": "hold",
          "id": 106,
          "distance": 15
        }
      ],
      [
        [11, 2, 1], {
          "pos": [11, 6.8],
          "type": "hold",
          "id": 127,
          "distance": 16
        }
      ],
      [
        [12, 2, 1], {
          "pos": [12, 6.8],
          "type": "hold",
          "id": 145,
          "distance": 17
        }
      ],
      [
        [13, 2, 1], {
          "pos": [13, 6.8],
          "type": "hold",
          "id": 163,
          "distance": 18
        }
      ],
      [
        [14, 2, 1], {
          "pos": [14, 6.8],
          "type": "hold",
          "id": 180,
          "distance": 19
        }
      ],
      [
        [0, 3, 1], {
          "pos": [0, 7.8],
          "type": "hold",
          "id": 183,
          "distance": 20
        }
      ],
      [
        [1, 3, 1], {
          "pos": [1, 7.8],
          "type": "hold",
          "id": 169,
          "distance": 19
        }
      ],
      [
        [2, 3, 1], {
          "pos": [2, 7.8],
          "type": "hold",
          "id": 152,
          "distance": 18
        }
      ],
      [
        [3, 3, 1], {
          "pos": [3, 7.8],
          "type": "hold",
          "id": 135,
          "distance": 17
        }
      ],
      [
        [4, 3, 1], {
          "pos": [4, 7.8],
          "type": "hold",
          "id": 116,
          "distance": 16
        }
      ],
      [
        [6, 3, 1], {
          "pos": [6, 7.8],
          "type": "hold",
          "id": 41,
          "distance": 12
        }
      ],
      [
        [7, 3, 1], {
          "pos": [7, 7.8],
          "type": "ramp",
          "id": 34,
          "distance": 11
        }
      ],
      [
        [8, 3, 1], {
          "pos": [8, 7.8],
          "type": "hold",
          "id": 48,
          "distance": 12
        }
      ],
      [
        [9, 3, 1], {
          "pos": [9, 7.8],
          "type": "hold",
          "id": 65,
          "distance": 13
        }
      ],
      [
        [10, 3, 1], {
          "pos": [10, 7.8],
          "type": "hold",
          "id": 86,
          "distance": 14
        }
      ],
      [
        [12, 3, 1], {
          "pos": [12, 7.8],
          "type": "hold",
          "id": 161,
          "distance": 18
        }
      ],
      [
        [14, 3, 1], {
          "pos": [14, 7.8],
          "type": "hold",
          "id": 191,
          "distance": 20
        }
      ],
      [
        [0, 0, 2], {
          "pos": [0, 9.6],
          "type": "hold",
          "id": 198,
          "distance": 22
        }
      ],
      [
        [0, 1, 2], {
          "pos": [0, 10.6],
          "type": "hold",
          "id": 193,
          "distance": 21
        }
      ],
      [
        [1, 0, 2], {
          "pos": [1, 9.6],
          "type": "hold",
          "id": 195,
          "distance": 21
        }
      ],
      [
        [2, 0, 2], {
          "pos": [2, 9.6],
          "type": "hold",
          "id": 186,
          "distance": 20
        }
      ],
      [
        [2, 1, 2], {
          "pos": [2, 10.6],
          "type": "hold",
          "id": 171,
          "distance": 19
        }
      ],
      [
        [3, 0, 2], {
          "pos": [3, 9.6],
          "type": "hold",
          "id": 173,
          "distance": 19
        }
      ],
      [
        [3, 1, 2], {
          "pos": [3, 10.6],
          "type": "hold",
          "id": 154,
          "distance": 18
        }
      ],
      [
        [4, 0, 2], {
          "pos": [4, 9.6],
          "type": "hold",
          "id": 156,
          "distance": 18
        }
      ],
      [
        [4, 1, 2], {
          "pos": [4, 10.6],
          "type": "hold",
          "id": 137,
          "distance": 17
        }
      ],
      [
        [6, 0, 2], {
          "pos": [6, 9.6],
          "type": "hold",
          "id": 39,
          "distance": 12
        }
      ],
      [
        [7, 0, 2], {
          "pos": [7, 9.6],
          "type": "ramp",
          "id": 32,
          "distance": 11
        }
      ],
      [
        [7, 1, 2], {
          "pos": [7, 10.6],
          "type": "hold",
          "id": 43,
          "distance": 12
        }
      ],
      [
        [8, 0, 2], {
          "pos": [8, 9.6],
          "type": "hold",
          "id": 46,
          "distance": 12
        }
      ],
      [
        [8, 1, 2], {
          "pos": [8, 10.6],
          "type": "hold",
          "id": 60,
          "distance": 13
        }
      ],
      [
        [9, 0, 2], {
          "pos": [9, 9.6],
          "type": "hold",
          "id": 63,
          "distance": 13
        }
      ],
      [
        [9, 1, 2], {
          "pos": [9, 10.6],
          "type": "hold",
          "id": 82,
          "distance": 14
        }
      ],
      [
        [10, 0, 2], {
          "pos": [10, 9.6],
          "type": "hold",
          "id": 84,
          "distance": 14
        }
      ],
      [
        [10, 1, 2], {
          "pos": [10, 10.6],
          "type": "hold",
          "id": 105,
          "distance": 15
        }
      ],
      [
        [0, 2, 2], {
          "pos": [0, 11.6],
          "type": "hold",
          "id": 182,
          "distance": 20
        }
      ],
      [
        [1, 2, 2], {
          "pos": [1, 11.6],
          "type": "hold",
          "id": 168,
          "distance": 19
        }
      ],
      [
        [3, 2, 2], {
          "pos": [3, 11.6],
          "type": "hold",
          "id": 134,
          "distance": 17
        }
      ],
      [
        [4, 2, 2], {
          "pos": [4, 11.6],
          "type": "hold",
          "id": 115,
          "distance": 16
        }
      ],
      [
        [5, 2, 2], {
          "pos": [5, 11.6],
          "type": "hold",
          "id": 95,
          "distance": 15
        }
      ],
      [
        [8, 2, 2], {
          "pos": [8, 11.6],
          "type": "hold",
          "id": 79,
          "distance": 14
        }
      ],
      [
        [9, 2, 2], {
          "pos": [9, 11.6],
          "type": "hold",
          "id": 102,
          "distance": 15
        }
      ],
      [
        [0, 3, 2], {
          "pos": [0, 12.6],
          "type": "hold",
          "id": 166,
          "distance": 19
        }
      ],
      [
        [1, 3, 2], {
          "pos": [1, 12.6],
          "type": "hold",
          "id": 150,
          "distance": 18
        }
      ],
      [
        [2, 3, 2], {
          "pos": [2, 12.6],
          "type": "hold",
          "id": 133,
          "distance": 17
        }
      ],
      [
        [3, 3, 2], {
          "pos": [3, 12.6],
          "type": "hold",
          "id": 114,
          "distance": 16
        }
      ],
      [
        [4, 3, 2], {
          "pos": [4, 12.6],
          "type": "hold",
          "id": 93,
          "distance": 15
        }
      ],
      [
        [5, 3, 2], {
          "pos": [5, 12.6],
          "type": "hold",
          "id": 72,
          "distance": 14
        }
      ],
      [
        [6, 3, 2], {
          "pos": [6, 12.6],
          "type": "hold",
          "id": 55,
          "distance": 13
        }
      ],
      [
        [7, 3, 2], {
          "pos": [7, 12.6],
          "type": "ramp",
          "id": 45,
          "distance": 12
        }
      ],
      [
        [8, 3, 2], {
          "pos": [8, 12.6],
          "type": "hold",
          "id": 62,
          "distance": 13
        }
      ],
      [
        [9, 3, 2], {
          "pos": [9, 12.6],
          "type": "hold",
          "id": 83,
          "distance": 14
        }
      ],
      [
        [0, 0, 3], {
          "pos": [0, 14.399999999999999],
          "type": "hold",
          "id": 192,
          "distance": 21
        }
      ],
      [
        [0, 1, 3], {
          "pos": [0, 15.399999999999999],
          "type": "hold",
          "id": 181,
          "distance": 20
        }
      ],
      [
        [1, 1, 3], {
          "pos": [1, 15.399999999999999],
          "type": "hold",
          "id": 167,
          "distance": 19
        }
      ],
      [
        [2, 0, 3], {
          "pos": [2, 14.399999999999999],
          "type": "hold",
          "id": 131,
          "distance": 17
        }
      ],
      [
        [2, 1, 3], {
          "pos": [2, 15.399999999999999],
          "type": "hold",
          "id": 151,
          "distance": 18
        }
      ],
      [
        [3, 0, 3], {
          "pos": [3, 14.399999999999999],
          "type": "hold",
          "id": 112,
          "distance": 16
        }
      ],
      [
        [4, 0, 3], {
          "pos": [4, 14.399999999999999],
          "type": "hold",
          "id": 91,
          "distance": 15
        }
      ],
      [
        [5, 0, 3], {
          "pos": [5, 14.399999999999999],
          "type": "hold",
          "id": 71,
          "distance": 14
        }
      ],
      [
        [5, 1, 3], {
          "pos": [5, 15.399999999999999],
          "type": "hold",
          "id": 94,
          "distance": 15
        }
      ],
      [
        [6, 0, 3], {
          "pos": [6, 14.399999999999999],
          "type": "hold",
          "id": 53,
          "distance": 13
        }
      ],
      [
        [6, 1, 3], {
          "pos": [6, 15.399999999999999],
          "type": "hold",
          "id": 73,
          "distance": 14
        }
      ],
      [
        [7, 0, 3], {
          "pos": [7, 14.399999999999999],
          "type": "ramp",
          "id": 42,
          "distance": 12
        }
      ],
      [
        [7, 1, 3], {
          "pos": [7, 15.399999999999999],
          "type": "hold",
          "id": 57,
          "distance": 13
        }
      ],
      [
        [8, 0, 3], {
          "pos": [8, 14.399999999999999],
          "type": "hold",
          "id": 59,
          "distance": 13
        }
      ],
      [
        [8, 1, 3], {
          "pos": [8, 15.399999999999999],
          "type": "hold",
          "id": 78,
          "distance": 14
        }
      ],
      [
        [9, 0, 3], {
          "pos": [9, 14.399999999999999],
          "type": "hold",
          "id": 81,
          "distance": 14
        }
      ],
      [
        [9, 1, 3], {
          "pos": [9, 15.399999999999999],
          "type": "hold",
          "id": 101,
          "distance": 15
        }
      ],
      [
        [10, 0, 3], {
          "pos": [10, 14.399999999999999],
          "type": "hold",
          "id": 104,
          "distance": 15
        }
      ],
      [
        [11, 0, 3], {
          "pos": [11, 14.399999999999999],
          "type": "hold",
          "id": 126,
          "distance": 16
        }
      ],
      [
        [11, 1, 3], {
          "pos": [11, 15.399999999999999],
          "type": "hold",
          "id": 142,
          "distance": 17
        }
      ],
      [
        [12, 0, 3], {
          "pos": [12, 14.399999999999999],
          "type": "hold",
          "id": 144,
          "distance": 17
        }
      ],
      [
        [12, 1, 3], {
          "pos": [12, 15.399999999999999],
          "type": "hold",
          "id": 160,
          "distance": 18
        }
      ],
      [
        [13, 0, 3], {
          "pos": [13, 14.399999999999999],
          "type": "hold",
          "id": 162,
          "distance": 18
        }
      ],
      [
        [14, 0, 3], {
          "pos": [14, 14.399999999999999],
          "type": "hold",
          "id": 179,
          "distance": 19
        }
      ],
      [
        [0, 2, 3], {
          "pos": [0, 16.4],
          "type": "hold",
          "id": 194,
          "distance": 21
        }
      ],
      [
        [1, 2, 3], {
          "pos": [1, 16.4],
          "type": "hold",
          "id": 185,
          "distance": 20
        }
      ],
      [
        [2, 2, 3], {
          "pos": [2, 16.4],
          "type": "hold",
          "id": 172,
          "distance": 19
        }
      ],
      [
        [3, 2, 3], {
          "pos": [3, 16.4],
          "type": "hold",
          "id": 155,
          "distance": 18
        }
      ],
      [
        [5, 2, 3], {
          "pos": [5, 16.4],
          "type": "hold",
          "id": 118,
          "distance": 16
        }
      ],
      [
        [6, 2, 3], {
          "pos": [6, 16.4],
          "type": "hold",
          "id": 97,
          "distance": 15
        }
      ],
      [
        [7, 2, 3], {
          "pos": [7, 16.4],
          "type": "hold",
          "id": 75,
          "distance": 14
        }
      ],
      [
        [8, 2, 3], {
          "pos": [8, 16.4],
          "type": "hold",
          "id": 98,
          "distance": 15
        }
      ],
      [
        [9, 2, 3], {
          "pos": [9, 16.4],
          "type": "hold",
          "id": 121,
          "distance": 16
        }
      ],
      [
        [10, 2, 3], {
          "pos": [10, 16.4],
          "type": "hold",
          "id": 139,
          "distance": 17
        }
      ],
      [
        [11, 2, 3], {
          "pos": [11, 16.4],
          "type": "hold",
          "id": 158,
          "distance": 18
        }
      ],
      [
        [12, 2, 3], {
          "pos": [12, 16.4],
          "type": "hold",
          "id": 176,
          "distance": 19
        }
      ],
      [
        [0, 3, 3], {
          "pos": [0, 17.4],
          "type": "hold",
          "id": 184,
          "distance": 20
        }
      ],
      [
        [1, 3, 3], {
          "pos": [1, 17.4],
          "type": "hold",
          "id": 170,
          "distance": 19
        }
      ],
      [
        [2, 3, 3], {
          "pos": [2, 17.4],
          "type": "hold",
          "id": 153,
          "distance": 18
        }
      ],
      [
        [3, 3, 3], {
          "pos": [3, 17.4],
          "type": "hold",
          "id": 136,
          "distance": 17
        }
      ],
      [
        [4, 3, 3], {
          "pos": [4, 17.4],
          "type": "hold",
          "id": 117,
          "distance": 16
        }
      ],
      [
        [5, 3, 3], {
          "pos": [5, 17.4],
          "type": "hold",
          "id": 96,
          "distance": 15
        }
      ],
      [
        [6, 3, 3], {
          "pos": [6, 17.4],
          "type": "hold",
          "id": 74,
          "distance": 14
        }
      ],
      [
        [7, 3, 3], {
          "pos": [7, 17.4],
          "type": "ramp",
          "id": 58,
          "distance": 13
        }
      ],
      [
        [8, 3, 3], {
          "pos": [8, 17.4],
          "type": "hold",
          "id": 80,
          "distance": 14
        }
      ],
      [
        [9, 3, 3], {
          "pos": [9, 17.4],
          "type": "hold",
          "id": 103,
          "distance": 15
        }
      ],
      [
        [10, 3, 3], {
          "pos": [10, 17.4],
          "type": "hold",
          "id": 124,
          "distance": 16
        }
      ],
      [
        [11, 3, 3], {
          "pos": [11, 17.4],
          "type": "hold",
          "id": 143,
          "distance": 17
        }
      ],
      [
        [7, 0, 4], {
          "pos": [7, 19.2],
          "type": "ramp",
          "id": 56,
          "distance": 13
        }
      ],
      [
        [8, 0, 4], {
          "pos": [8, 19.2],
          "type": "hold",
          "id": 77,
          "distance": 14
        }
      ],
      [
        [9, 0, 4], {
          "pos": [9, 19.2],
          "type": "hold",
          "id": 100,
          "distance": 15
        }
      ],
      [
        [9, 1, 4], {
          "pos": [9, 20.2],
          "type": "hold",
          "id": 120,
          "distance": 16
        }
      ],
      [
        [10, 0, 4], {
          "pos": [10, 19.2],
          "type": "hold",
          "id": 123,
          "distance": 16
        }
      ],
      [
        [11, 0, 4], {
          "pos": [11, 19.2],
          "type": "hold",
          "id": 141,
          "distance": 17
        }
      ],
      [
        [11, 1, 4], {
          "pos": [11, 20.2],
          "type": "hold",
          "id": 157,
          "distance": 18
        }
      ],
      [
        [12, 1, 4], {
          "pos": [12, 20.2],
          "type": "hold",
          "id": 175,
          "distance": 19
        }
      ],
      [
        [13, 0, 4], {
          "pos": [13, 19.2],
          "type": "hold",
          "id": 202,
          "distance": 25
        }
      ],
      [
        [14, 0, 4], {
          "pos": [14, 19.2],
          "type": "hold",
          "id": 201,
          "distance": 24
        }
      ],
      [
        [14, 1, 4], {
          "pos": [14, 20.2],
          "type": "hold",
          "id": 200,
          "distance": 23
        }
      ],
      [
        [8, 2, 4], {
          "pos": [8, 21.2],
          "type": "hold",
          "id": 119,
          "distance": 16
        }
      ],
      [
        [9, 2, 4], {
          "pos": [9, 21.2],
          "type": "hold",
          "id": 138,
          "distance": 17
        }
      ],
      [
        [11, 2, 4], {
          "pos": [11, 21.2],
          "type": "hold",
          "id": 174,
          "distance": 19
        }
      ],
      [
        [12, 2, 4], {
          "pos": [12, 21.2],
          "type": "hold",
          "id": 187,
          "distance": 20
        }
      ],
      [
        [13, 2, 4], {
          "pos": [13, 21.2],
          "type": "hold",
          "id": 196,
          "distance": 21
        }
      ],
      [
        [14, 2, 4], {
          "pos": [14, 21.2],
          "type": "hold",
          "id": 199,
          "distance": 22
        }
      ],
      [
        [7, 3, 4], {
          "pos": [7, 22.2],
          "type": "ramp",
          "id": 76,
          "distance": 14
        }
      ],
      [
        [8, 3, 4], {
          "pos": [8, 22.2],
          "type": "hold",
          "id": 99,
          "distance": 15
        }
      ],
      [
        [9, 3, 4], {
          "pos": [9, 22.2],
          "type": "hold",
          "id": 122,
          "distance": 16
        }
      ],
      [
        [10, 3, 4], {
          "pos": [10, 22.2],
          "type": "hold",
          "id": 140,
          "distance": 17
        }
      ],
      [
        [11, 3, 4], {
          "pos": [11, 22.2],
          "type": "hold",
          "id": 159,
          "distance": 18
        }
      ],
      [
        [12, 3, 4], {
          "pos": [12, 22.2],
          "type": "hold",
          "id": 177,
          "distance": 19
        }
      ],
      [
        [13, 3, 4], {
          "pos": [13, 22.2],
          "type": "hold",
          "id": 189,
          "distance": 20
        }
      ]
    ],
    "edges": [
      [
        [0, 0, 0],
        [0, 1, 0], {}
      ],
      [
        [0, 0, 0],
        [1, 0, 0], {}
      ],
      [
        [0, 1, 0],
        [0, 2, 0], {}
      ],
      [
        [0, 1, 0],
        [1, 1, 0], {}
      ],
      [
        [1, 0, 0],
        [1, 1, 0], {}
      ],
      [
        [1, 0, 0],
        [2, 0, 0], {}
      ],
      [
        [1, 1, 0],
        [1, 2, 0], {}
      ],
      [
        [1, 1, 0],
        [2, 1, 0], {}
      ],
      [
        [2, 0, 0],
        [2, 1, 0], {}
      ],
      [
        [2, 0, 0],
        [3, 0, 0], {}
      ],
      [
        [2, 1, 0],
        [2, 2, 0], {}
      ],
      [
        [2, 1, 0],
        [3, 1, 0], {}
      ],
      [
        [3, 0, 0],
        [3, 1, 0], {}
      ],
      [
        [3, 1, 0],
        [3, 2, 0], {}
      ],
      [
        [3, 1, 0],
        [4, 1, 0], {}
      ],
      [
        [4, 1, 0],
        [4, 2, 0], {}
      ],
      [
        [4, 1, 0],
        [5, 1, 0], {}
      ],
      [
        [5, 0, 0],
        [5, 1, 0], {}
      ],
      [
        [5, 1, 0],
        [6, 1, 0], {}
      ],
      [
        [6, 1, 0],
        [7, 1, 0], {}
      ],
      [
        [7, 0, 0],
        [7, 1, 0], {}
      ],
      [
        [7, 0, 0],
        [7, 0, 1], {
          "ramp": true
        }
      ],
      [
        [7, 1, 0],
        [7, 2, 0], {}
      ],
      [
        [7, 1, 0],
        [8, 1, 0], {}
      ],
      [
        [8, 1, 0],
        [8, 2, 0], {}
      ],
      [
        [8, 1, 0],
        [9, 1, 0], {}
      ],
      [
        [9, 1, 0],
        [9, 2, 0], {}
      ],
      [
        [9, 1, 0],
        [10, 1, 0], {}
      ],
      [
        [10, 1, 0],
        [10, 2, 0], {}
      ],
      [
        [10, 1, 0],
        [11, 1, 0], {}
      ],
      [
        [11, 0, 0],
        [11, 1, 0], {}
      ],
      [
        [11, 0, 0],
        [12, 0, 0], {}
      ],
      [
        [11, 1, 0],
        [11, 2, 0], {}
      ],
      [
        [11, 1, 0],
        [12, 1, 0], {}
      ],
      [
        [12, 0, 0],
        [12, 1, 0], {}
      ],
      [
        [12, 1, 0],
        [12, 2, 0], {}
      ],
      [
        [0, 2, 0],
        [1, 2, 0], {}
      ],
      [
        [1, 2, 0],
        [1, 3, 0], {}
      ],
      [
        [1, 2, 0],
        [2, 2, 0], {}
      ],
      [
        [2, 2, 0],
        [2, 3, 0], {}
      ],
      [
        [2, 2, 0],
        [3, 2, 0], {}
      ],
      [
        [3, 2, 0],
        [3, 3, 0], {}
      ],
      [
        [3, 2, 0],
        [4, 2, 0], {}
      ],
      [
        [4, 2, 0],
        [4, 3, 0], {}
      ],
      [
        [7, 2, 0],
        [7, 3, 0], {}
      ],
      [
        [7, 2, 0],
        [8, 2, 0], {}
      ],
      [
        [8, 2, 0],
        [8, 3, 0], {}
      ],
      [
        [8, 2, 0],
        [9, 2, 0], {}
      ],
      [
        [9, 2, 0],
        [9, 3, 0], {}
      ],
      [
        [9, 2, 0],
        [10, 2, 0], {}
      ],
      [
        [10, 2, 0],
        [10, 3, 0], {}
      ],
      [
        [10, 2, 0],
        [11, 2, 0], {}
      ],
      [
        [11, 2, 0],
        [12, 2, 0], {}
      ],
      [
        [12, 2, 0],
        [12, 3, 0], {}
      ],
      [
        [12, 2, 0],
        [13, 2, 0], {}
      ],
      [
        [13, 2, 0],
        [14, 2, 0], {}
      ],
      [
        [14, 2, 0],
        [14, 3, 0], {}
      ],
      [
        [1, 3, 0],
        [2, 3, 0], {}
      ],
      [
        [2, 3, 0],
        [3, 3, 0], {}
      ],
      [
        [3, 3, 0],
        [4, 3, 0], {}
      ],
      [
        [4, 3, 0],
        [5, 3, 0], {}
      ],
      [
        [5, 3, 0],
        [6, 3, 0], {}
      ],
      [
        [6, 3, 0],
        [7, 3, 0], {}
      ],
      [
        [7, 3, 0],
        [8, 3, 0], {}
      ],
      [
        [7, 3, 0],
        [7, 3, 1], {
          "ramp": true
        }
      ],
      [
        [8, 3, 0],
        [9, 3, 0], {}
      ],
      [
        [9, 3, 0],
        [10, 3, 0], {}
      ],
      [
        [0, 0, 1],
        [0, 1, 1], {}
      ],
      [
        [0, 0, 1],
        [1, 0, 1], {}
      ],
      [
        [0, 1, 1],
        [0, 2, 1], {}
      ],
      [
        [0, 1, 1],
        [1, 1, 1], {}
      ],
      [
        [1, 0, 1],
        [1, 1, 1], {}
      ],
      [
        [1, 0, 1],
        [2, 0, 1], {}
      ],
      [
        [1, 1, 1],
        [1, 2, 1], {}
      ],
      [
        [1, 1, 1],
        [2, 1, 1], {}
      ],
      [
        [2, 0, 1],
        [2, 1, 1], {}
      ],
      [
        [2, 0, 1],
        [3, 0, 1], {}
      ],
      [
        [2, 1, 1],
        [2, 2, 1], {}
      ],
      [
        [2, 1, 1],
        [3, 1, 1], {}
      ],
      [
        [3, 0, 1],
        [3, 1, 1], {}
      ],
      [
        [3, 0, 1],
        [4, 0, 1], {}
      ],
      [
        [3, 1, 1],
        [3, 2, 1], {}
      ],
      [
        [3, 1, 1],
        [4, 1, 1], {}
      ],
      [
        [4, 0, 1],
        [4, 1, 1], {}
      ],
      [
        [4, 1, 1],
        [4, 2, 1], {}
      ],
      [
        [4, 1, 1],
        [5, 1, 1], {}
      ],
      [
        [5, 1, 1],
        [6, 1, 1], {}
      ],
      [
        [6, 0, 1],
        [6, 1, 1], {}
      ],
      [
        [6, 0, 1],
        [7, 0, 1], {}
      ],
      [
        [6, 1, 1],
        [6, 2, 1], {}
      ],
      [
        [6, 1, 1],
        [7, 1, 1], {}
      ],
      [
        [7, 0, 1],
        [7, 1, 1], {}
      ],
      [
        [7, 0, 1],
        [8, 0, 1], {}
      ],
      [
        [7, 0, 1],
        [7, 0, 2], {
          "ramp": true
        }
      ],
      [
        [7, 1, 1],
        [7, 2, 1], {}
      ],
      [
        [7, 1, 1],
        [8, 1, 1], {}
      ],
      [
        [8, 0, 1],
        [8, 1, 1], {}
      ],
      [
        [8, 1, 1],
        [8, 2, 1], {}
      ],
      [
        [8, 1, 1],
        [9, 1, 1], {}
      ],
      [
        [9, 1, 1],
        [10, 1, 1], {}
      ],
      [
        [10, 1, 1],
        [10, 2, 1], {}
      ],
      [
        [10, 1, 1],
        [11, 1, 1], {}
      ],
      [
        [11, 0, 1],
        [11, 1, 1], {}
      ],
      [
        [11, 1, 1],
        [11, 2, 1], {}
      ],
      [
        [13, 0, 1],
        [13, 1, 1], {}
      ],
      [
        [13, 0, 1],
        [14, 0, 1], {}
      ],
      [
        [13, 1, 1],
        [13, 2, 1], {}
      ],
      [
        [13, 1, 1],
        [14, 1, 1], {}
      ],
      [
        [14, 0, 1],
        [14, 1, 1], {}
      ],
      [
        [14, 1, 1],
        [14, 2, 1], {}
      ],
      [
        [0, 2, 1],
        [0, 3, 1], {}
      ],
      [
        [0, 2, 1],
        [1, 2, 1], {}
      ],
      [
        [1, 2, 1],
        [1, 3, 1], {}
      ],
      [
        [1, 2, 1],
        [2, 2, 1], {}
      ],
      [
        [2, 2, 1],
        [2, 3, 1], {}
      ],
      [
        [2, 2, 1],
        [3, 2, 1], {}
      ],
      [
        [3, 2, 1],
        [3, 3, 1], {}
      ],
      [
        [3, 2, 1],
        [4, 2, 1], {}
      ],
      [
        [4, 2, 1],
        [4, 3, 1], {}
      ],
      [
        [6, 2, 1],
        [6, 3, 1], {}
      ],
      [
        [6, 2, 1],
        [7, 2, 1], {}
      ],
      [
        [7, 2, 1],
        [7, 3, 1], {}
      ],
      [
        [7, 2, 1],
        [8, 2, 1], {}
      ],
      [
        [8, 2, 1],
        [8, 3, 1], {}
      ],
      [
        [10, 2, 1],
        [10, 3, 1], {}
      ],
      [
        [10, 2, 1],
        [11, 2, 1], {}
      ],
      [
        [11, 2, 1],
        [12, 2, 1], {}
      ],
      [
        [12, 2, 1],
        [12, 3, 1], {}
      ],
      [
        [12, 2, 1],
        [13, 2, 1], {}
      ],
      [
        [13, 2, 1],
        [14, 2, 1], {}
      ],
      [
        [14, 2, 1],
        [14, 3, 1], {}
      ],
      [
        [0, 3, 1],
        [1, 3, 1], {}
      ],
      [
        [1, 3, 1],
        [2, 3, 1], {}
      ],
      [
        [2, 3, 1],
        [3, 3, 1], {}
      ],
      [
        [3, 3, 1],
        [4, 3, 1], {}
      ],
      [
        [6, 3, 1],
        [7, 3, 1], {}
      ],
      [
        [7, 3, 1],
        [8, 3, 1], {}
      ],
      [
        [7, 3, 1],
        [7, 3, 2], {
          "ramp": true
        }
      ],
      [
        [8, 3, 1],
        [9, 3, 1], {}
      ],
      [
        [9, 3, 1],
        [10, 3, 1], {}
      ],
      [
        [0, 0, 2],
        [0, 1, 2], {}
      ],
      [
        [0, 0, 2],
        [1, 0, 2], {}
      ],
      [
        [0, 1, 2],
        [0, 2, 2], {}
      ],
      [
        [1, 0, 2],
        [2, 0, 2], {}
      ],
      [
        [2, 0, 2],
        [2, 1, 2], {}
      ],
      [
        [2, 0, 2],
        [3, 0, 2], {}
      ],
      [
        [2, 1, 2],
        [3, 1, 2], {}
      ],
      [
        [3, 0, 2],
        [3, 1, 2], {}
      ],
      [
        [3, 0, 2],
        [4, 0, 2], {}
      ],
      [
        [3, 1, 2],
        [3, 2, 2], {}
      ],
      [
        [3, 1, 2],
        [4, 1, 2], {}
      ],
      [
        [4, 0, 2],
        [4, 1, 2], {}
      ],
      [
        [4, 1, 2],
        [4, 2, 2], {}
      ],
      [
        [6, 0, 2],
        [7, 0, 2], {}
      ],
      [
        [7, 0, 2],
        [7, 1, 2], {}
      ],
      [
        [7, 0, 2],
        [8, 0, 2], {}
      ],
      [
        [7, 0, 2],
        [7, 0, 3], {
          "ramp": true
        }
      ],
      [
        [7, 1, 2],
        [8, 1, 2], {}
      ],
      [
        [8, 0, 2],
        [8, 1, 2], {}
      ],
      [
        [8, 0, 2],
        [9, 0, 2], {}
      ],
      [
        [8, 1, 2],
        [8, 2, 2], {}
      ],
      [
        [8, 1, 2],
        [9, 1, 2], {}
      ],
      [
        [9, 0, 2],
        [9, 1, 2], {}
      ],
      [
        [9, 0, 2],
        [10, 0, 2], {}
      ],
      [
        [9, 1, 2],
        [9, 2, 2], {}
      ],
      [
        [9, 1, 2],
        [10, 1, 2], {}
      ],
      [
        [10, 0, 2],
        [10, 1, 2], {}
      ],
      [
        [0, 2, 2],
        [0, 3, 2], {}
      ],
      [
        [0, 2, 2],
        [1, 2, 2], {}
      ],
      [
        [1, 2, 2],
        [1, 3, 2], {}
      ],
      [
        [3, 2, 2],
        [3, 3, 2], {}
      ],
      [
        [3, 2, 2],
        [4, 2, 2], {}
      ],
      [
        [4, 2, 2],
        [4, 3, 2], {}
      ],
      [
        [4, 2, 2],
        [5, 2, 2], {}
      ],
      [
        [5, 2, 2],
        [5, 3, 2], {}
      ],
      [
        [8, 2, 2],
        [8, 3, 2], {}
      ],
      [
        [8, 2, 2],
        [9, 2, 2], {}
      ],
      [
        [9, 2, 2],
        [9, 3, 2], {}
      ],
      [
        [0, 3, 2],
        [1, 3, 2], {}
      ],
      [
        [1, 3, 2],
        [2, 3, 2], {}
      ],
      [
        [2, 3, 2],
        [3, 3, 2], {}
      ],
      [
        [3, 3, 2],
        [4, 3, 2], {}
      ],
      [
        [4, 3, 2],
        [5, 3, 2], {}
      ],
      [
        [5, 3, 2],
        [6, 3, 2], {}
      ],
      [
        [6, 3, 2],
        [7, 3, 2], {}
      ],
      [
        [7, 3, 2],
        [8, 3, 2], {}
      ],
      [
        [7, 3, 2],
        [7, 3, 3], {
          "ramp": true
        }
      ],
      [
        [8, 3, 2],
        [9, 3, 2], {}
      ],
      [
        [0, 0, 3],
        [0, 1, 3], {}
      ],
      [
        [0, 1, 3],
        [0, 2, 3], {}
      ],
      [
        [0, 1, 3],
        [1, 1, 3], {}
      ],
      [
        [1, 1, 3],
        [1, 2, 3], {}
      ],
      [
        [1, 1, 3],
        [2, 1, 3], {}
      ],
      [
        [2, 0, 3],
        [2, 1, 3], {}
      ],
      [
        [2, 0, 3],
        [3, 0, 3], {}
      ],
      [
        [2, 1, 3],
        [2, 2, 3], {}
      ],
      [
        [3, 0, 3],
        [4, 0, 3], {}
      ],
      [
        [4, 0, 3],
        [5, 0, 3], {}
      ],
      [
        [5, 0, 3],
        [5, 1, 3], {}
      ],
      [
        [5, 0, 3],
        [6, 0, 3], {}
      ],
      [
        [5, 1, 3],
        [5, 2, 3], {}
      ],
      [
        [5, 1, 3],
        [6, 1, 3], {}
      ],
      [
        [6, 0, 3],
        [6, 1, 3], {}
      ],
      [
        [6, 0, 3],
        [7, 0, 3], {}
      ],
      [
        [6, 1, 3],
        [6, 2, 3], {}
      ],
      [
        [6, 1, 3],
        [7, 1, 3], {}
      ],
      [
        [7, 0, 3],
        [7, 1, 3], {}
      ],
      [
        [7, 0, 3],
        [8, 0, 3], {}
      ],
      [
        [7, 0, 3],
        [7, 0, 4], {
          "ramp": true
        }
      ],
      [
        [7, 1, 3],
        [7, 2, 3], {}
      ],
      [
        [7, 1, 3],
        [8, 1, 3], {}
      ],
      [
        [8, 0, 3],
        [8, 1, 3], {}
      ],
      [
        [8, 0, 3],
        [9, 0, 3], {}
      ],
      [
        [8, 1, 3],
        [8, 2, 3], {}
      ],
      [
        [8, 1, 3],
        [9, 1, 3], {}
      ],
      [
        [9, 0, 3],
        [9, 1, 3], {}
      ],
      [
        [9, 0, 3],
        [10, 0, 3], {}
      ],
      [
        [9, 1, 3],
        [9, 2, 3], {}
      ],
      [
        [10, 0, 3],
        [11, 0, 3], {}
      ],
      [
        [11, 0, 3],
        [11, 1, 3], {}
      ],
      [
        [11, 0, 3],
        [12, 0, 3], {}
      ],
      [
        [11, 1, 3],
        [11, 2, 3], {}
      ],
      [
        [11, 1, 3],
        [12, 1, 3], {}
      ],
      [
        [12, 0, 3],
        [12, 1, 3], {}
      ],
      [
        [12, 0, 3],
        [13, 0, 3], {}
      ],
      [
        [12, 1, 3],
        [12, 2, 3], {}
      ],
      [
        [13, 0, 3],
        [14, 0, 3], {}
      ],
      [
        [0, 2, 3],
        [0, 3, 3], {}
      ],
      [
        [0, 2, 3],
        [1, 2, 3], {}
      ],
      [
        [1, 2, 3],
        [1, 3, 3], {}
      ],
      [
        [1, 2, 3],
        [2, 2, 3], {}
      ],
      [
        [2, 2, 3],
        [2, 3, 3], {}
      ],
      [
        [2, 2, 3],
        [3, 2, 3], {}
      ],
      [
        [3, 2, 3],
        [3, 3, 3], {}
      ],
      [
        [5, 2, 3],
        [5, 3, 3], {}
      ],
      [
        [5, 2, 3],
        [6, 2, 3], {}
      ],
      [
        [6, 2, 3],
        [6, 3, 3], {}
      ],
      [
        [6, 2, 3],
        [7, 2, 3], {}
      ],
      [
        [7, 2, 3],
        [7, 3, 3], {}
      ],
      [
        [7, 2, 3],
        [8, 2, 3], {}
      ],
      [
        [8, 2, 3],
        [8, 3, 3], {}
      ],
      [
        [8, 2, 3],
        [9, 2, 3], {}
      ],
      [
        [9, 2, 3],
        [9, 3, 3], {}
      ],
      [
        [9, 2, 3],
        [10, 2, 3], {}
      ],
      [
        [10, 2, 3],
        [10, 3, 3], {}
      ],
      [
        [10, 2, 3],
        [11, 2, 3], {}
      ],
      [
        [11, 2, 3],
        [11, 3, 3], {}
      ],
      [
        [11, 2, 3],
        [12, 2, 3], {}
      ],
      [
        [0, 3, 3],
        [1, 3, 3], {}
      ],
      [
        [1, 3, 3],
        [2, 3, 3], {}
      ],
      [
        [2, 3, 3],
        [3, 3, 3], {}
      ],
      [
        [3, 3, 3],
        [4, 3, 3], {}
      ],
      [
        [4, 3, 3],
        [5, 3, 3], {}
      ],
      [
        [5, 3, 3],
        [6, 3, 3], {}
      ],
      [
        [6, 3, 3],
        [7, 3, 3], {}
      ],
      [
        [7, 3, 3],
        [8, 3, 3], {}
      ],
      [
        [7, 3, 3],
        [7, 3, 4], {
          "ramp": true
        }
      ],
      [
        [8, 3, 3],
        [9, 3, 3], {}
      ],
      [
        [9, 3, 3],
        [10, 3, 3], {}
      ],
      [
        [10, 3, 3],
        [11, 3, 3], {}
      ],
      [
        [7, 0, 4],
        [8, 0, 4], {}
      ],
      [
        [8, 0, 4],
        [9, 0, 4], {}
      ],
      [
        [9, 0, 4],
        [9, 1, 4], {}
      ],
      [
        [9, 0, 4],
        [10, 0, 4], {}
      ],
      [
        [9, 1, 4],
        [9, 2, 4], {}
      ],
      [
        [10, 0, 4],
        [11, 0, 4], {}
      ],
      [
        [11, 0, 4],
        [11, 1, 4], {}
      ],
      [
        [11, 1, 4],
        [11, 2, 4], {}
      ],
      [
        [11, 1, 4],
        [12, 1, 4], {}
      ],
      [
        [12, 1, 4],
        [12, 2, 4], {}
      ],
      [
        [13, 0, 4],
        [14, 0, 4], {}
      ],
      [
        [14, 0, 4],
        [14, 1, 4], {}
      ],
      [
        [14, 1, 4],
        [14, 2, 4], {}
      ],
      [
        [8, 2, 4],
        [8, 3, 4], {}
      ],
      [
        [8, 2, 4],
        [9, 2, 4], {}
      ],
      [
        [9, 2, 4],
        [9, 3, 4], {}
      ],
      [
        [11, 2, 4],
        [11, 3, 4], {}
      ],
      [
        [11, 2, 4],
        [12, 2, 4], {}
      ],
      [
        [12, 2, 4],
        [12, 3, 4], {}
      ],
      [
        [12, 2, 4],
        [13, 2, 4], {}
      ],
      [
        [13, 2, 4],
        [13, 3, 4], {}
      ],
      [
        [13, 2, 4],
        [14, 2, 4], {}
      ],
      [
        [7, 3, 4],
        [8, 3, 4], {}
      ],
      [
        [8, 3, 4],
        [9, 3, 4], {}
      ],
      [
        [9, 3, 4],
        [10, 3, 4], {}
      ],
      [
        [10, 3, 4],
        [11, 3, 4], {}
      ],
      [
        [11, 3, 4],
        [12, 3, 4], {}
      ],
      [
        [12, 3, 4],
        [13, 3, 4], {}
      ]
    ]
  }
}