{
  "N": 86,
  "E": [
    [0, 1],
    [0, 2],
    [1, 3],
    [2, 3],
    [2, 4],
    [3, 5],
    [3, 6],
    [4, 6],
    [6, 8],
    [6, 9],
    [9, 12],
    [19, 17],
    [19, 25],
    [19, 22],
    [17, 16],
    [25, 35],
    [35, 46],
    [46, 59],
    [59, 68],
    [59, 71],
    [5, 7],
    [5, 8],
    [8, 11],
    [8, 12],
    [12, 13],
    [12, 14],
    [14, 15],
    [14, 16],
    [16, 18],
    [68, 76],
    [10, 7],
    [7, 11],
    [11, 13],
    [13, 15],
    [15, 18],
    [18, 20],
    [76, 83],
    [85, 79],
    [85, 81],
    [79, 73],
    [79, 74],
    [81, 74],
    [81, 75],
    [74, 61],
    [74, 62],
    [75, 62],
    [62, 50],
    [62, 51],
    [51, 37],
    [51, 40],
    [27, 40],
    [27, 22],
    [40, 28],
    [22, 32],
    [22, 30],
    [32, 44],
    [32, 45],
    [44, 33],
    [44, 56],
    [45, 56],
    [45, 58],
    [56, 47],
    [58, 70],
    [73, 80],
    [73, 61],
    [61, 50],
    [50, 64],
    [50, 37],
    [37, 28],
    [28, 21],
    [28, 23],
    [23, 20],
    [23, 33],
    [33, 26],
    [33, 47],
    [47, 36],
    [47, 60],
    [60, 49],
    [60, 72],
    [21, 20],
    [20, 26],
    [20, 24],
    [26, 36],
    [36, 49],
    [65, 52],
    [65, 53],
    [39, 53],
    [39, 30],
    [53, 41],
    [53, 42],
    [30, 42],
    [30, 43],
    [42, 31],
    [42, 54],
    [43, 54],
    [43, 55],
    [54, 66],
    [55, 66],
    [55, 67],
    [66, 57],
    [67, 77],
    [77, 82],
    [82, 78],
    [63, 52],
    [52, 38],
    [52, 41],
    [41, 29],
    [41, 31],
    [31, 24],
    [57, 48],
    [57, 69],
    [69, 78],
    [78, 84],
    [38, 29],
    [29, 24],
    [24, 34],
    [34, 48]
  ],
  "P": 10,
  "K": [
    [
      [0, 1], 14
    ],
    [
      [0, 2], 2
    ],
    [
      [0, 4], 9
    ],
    [
      [0, 8], 13
    ],
    [
      [1, 2], 2
    ],
    [
      [1, 3], 13
    ],
    [
      [1, 5], 2
    ],
    [
      [1, 8], 2
    ],
    [
      [1, 9], 1
    ],
    [
      [2, 6], 8
    ],
    [
      [2, 7], 1
    ],
    [
      [2, 9], 1
    ],
    [
      [3, 4], 3
    ],
    [
      [3, 5], 6
    ],
    [
      [3, 6], 7
    ],
    [
      [3, 8], 12
    ],
    [
      [4, 5], 6
    ],
    [
      [4, 6], 2
    ],
    [
      [4, 7], 2
    ],
    [
      [4, 9], 8
    ],
    [
      [5, 7], 7
    ],
    [
      [5, 8], 7
    ],
    [
      [6, 7], 2
    ],
    [
      [6, 8], 7
    ],
    [
      [6, 9], 1
    ],
    [
      [7, 8], 10
    ],
    [
      [7, 9], 10
    ],
    [
      [8, 9], 13
    ]
  ],
  "F": 100,
  "LB": 36109,
  "grid_graph": {
    "nodes": [
      [
        [0, 0, 0], {
          "pos": [0, 0.0],
          "type": "gate",
          "id": 0,
          "distance": 0
        }
      ],
      [
        [0, 1, 0], {
          "pos": [0, 1.0],
          "type": "hold",
          "id": 1,
          "distance": 1
        }
      ],
      [
        [1, 0, 0], {
          "pos": [1, 0.0],
          "type": "hold",
          "id": 2,
          "distance": 1
        }
      ],
      [
        [1, 1, 0], {
          "pos": [1, 1.0],
          "type": "hold",
          "id": 3,
          "distance": 2
        }
      ],
      [
        [2, 0, 0], {
          "pos": [2, 0.0],
          "type": "hold",
          "id": 4,
          "distance": 2
        }
      ],
      [
        [2, 1, 0], {
          "pos": [2, 1.0],
          "type": "hold",
          "id": 6,
          "distance": 3
        }
      ],
      [
        [3, 1, 0], {
          "pos": [3, 1.0],
          "type": "hold",
          "id": 9,
          "distance": 4
        }
      ],
      [
        [5, 0, 0], {
          "pos": [5, 0.0],
          "type": "ramp",
          "id": 19,
          "distance": 9
        }
      ],
      [
        [5, 1, 0], {
          "pos": [5, 1.0],
          "type": "hold",
          "id": 17,
          "distance": 8
        }
      ],
      [
        [6, 0, 0], {
          "pos": [6, 0.0],
          "type": "hold",
          "id": 25,
          "distance": 10
        }
      ],
      [
        [7, 0, 0], {
          "pos": [7, 0.0],
          "type": "hold",
          "id": 35,
          "distance": 11
        }
      ],
      [
        [7, 1, 0], {
          "pos": [7, 1.0],
          "type": "hold",
          "id": 46,
          "distance": 12
        }
      ],
      [
        [8, 1, 0], {
          "pos": [8, 1.0],
          "type": "hold",
          "id": 59,
          "distance": 13
        }
      ],
      [
        [9, 1, 0], {
          "pos": [9, 1.0],
          "type": "hold",
          "id": 71,
          "distance": 14
        }
      ],
      [
        [1, 2, 0], {
          "pos": [1, 2.0],
          "type": "hold",
          "id": 5,
          "distance": 3
        }
      ],
      [
        [2, 2, 0], {
          "pos": [2, 2.0],
          "type": "hold",
          "id": 8,
          "distance": 4
        }
      ],
      [
        [3, 2, 0], {
          "pos": [3, 2.0],
          "type": "hold",
          "id": 12,
          "distance": 5
        }
      ],
      [
        [4, 2, 0], {
          "pos": [4, 2.0],
          "type": "hold",
          "id": 14,
          "distance": 6
        }
      ],
      [
        [5, 2, 0], {
          "pos": [5, 2.0],
          "type": "hold",
          "id": 16,
          "distance": 7
        }
      ],
      [
        [8, 2, 0], {
          "pos": [8, 2.0],
          "type": "hold",
          "id": 68,
          "distance": 14
        }
      ],
      [
        [0, 3, 0], {
          "pos": [0, 3.0],
          "type": "hold",
          "id": 10,
          "distance": 5
        }
      ],
      [
        [1, 3, 0], {
          "pos": [1, 3.0],
          "type": "hold",
          "id": 7,
          "distance": 4
        }
      ],
      [
        [2, 3, 0], {
          "pos": [2, 3.0],
          "type": "hold",
          "id": 11,
          "distance": 5
        }
      ],
      [
        [3, 3, 0], {
          "pos": [3, 3.0],
          "type": "hold",
          "id": 13,
          "distance": 6
        }
      ],
      [
        [4, 3, 0], {
          "pos": [4, 3.0],
          "type": "hold",
          "id": 15,
          "distance": 7
        }
      ],
      [
        [5, 3, 0], {
          "pos": [5, 3.0],
          "type": "ramp",
          "id": 18,
          "distance": 8
        }
      ],
      [
        [8, 3, 0], {
          "pos": [8, 3.0],
          "type": "hold",
          "id": 76,
          "distance": 15
        }
      ],
      [
        [9, 3, 0], {
          "pos": [9, 3.0],
          "type": "hold",
          "id": 83,
          "distance": 16
        }
      ],
      [
        [0, 0, 1], {
          "pos": [0, 4.8],
          "type": "hold",
          "id": 85,
          "distance": 17
        }
      ],
      [
        [0, 1, 1], {
          "pos": [0, 5.8],
          "type": "hold",
          "id": 79,
          "distance": 16
        }
      ],
      [
        [1, 0, 1], {
          "pos": [1, 4.8],
          "type": "hold",
          "id": 81,
          "distance": 16
        }
      ],
      [
        [1, 1, 1], {
          "pos": [1, 5.8],
          "type": "hold",
          "id": 74,
          "distance": 15
        }
      ],
      [
        [2, 0, 1], {
          "pos": [2, 4.8],
          "type": "hold",
          "id": 75,
          "distance": 15
        }
      ],
      [
        [2, 1, 1], {
          "pos": [2, 5.8],
          "type": "hold",
          "id": 62,
          "distance": 14
        }
      ],
      [
        [3, 1, 1], {
          "pos": [3, 5.8],
          "type": "hold",
          "id": 51,
          "distance": 13
        }
      ],
      [
        [4, 0, 1], {
          "pos": [4, 4.8],
          "type": "hold",
          "id": 27,
          "distance": 11
        }
      ],
      [
        [4, 1, 1], {
          "pos": [4, 5.8],
          "type": "hold",
          "id": 40,
          "distance": 12
        }
      ],
      [
        [5, 0, 1], {
          "pos": [5, 4.8],
          "type": "ramp",
          "id": 22,
          "distance": 10
        }
      ],
      [
        [6, 0, 1], {
          "pos": [6, 4.8],
          "type": "hold",
          "id": 32,
          "distance": 11
        }
      ],
      [
        [6, 1, 1], {
          "pos": [6, 5.8],
          "type": "hold",
          "id": 44,
          "distance": 12
        }
      ],
      [
        [7, 0, 1], {
          "pos": [7, 4.8],
          "type": "hold",
          "id": 45,
          "distance": 12
        }
      ],
      [
        [7, 1, 1], {
          "pos": [7, 5.8],
          "type": "hold",
          "id": 56,
          "distance": 13
        }
      ],
      [
        [8, 0, 1], {
          "pos": [8, 4.8],
          "type": "hold",
          "id": 58,
          "distance": 13
        }
      ],
      [
        [9, 0, 1], {
          "pos": [9, 4.8],
          "type": "hold",
          "id": 70,
          "distance": 14
        }
      ],
      [
        [0, 2, 1], {
          "pos": [0, 6.8],
          "type": "hold",
          "id": 73,
          "distance": 15
        }
      ],
      [
        [1, 2, 1], {
          "pos": [1, 6.8],
          "type": "hold",
          "id": 61,
          "distance": 14
        }
      ],
      [
        [2, 2, 1], {
          "pos": [2, 6.8],
          "type": "hold",
          "id": 50,
          "distance": 13
        }
      ],
      [
        [3, 2, 1], {
          "pos": [3, 6.8],
          "type": "hold",
          "id": 37,
          "distance": 12
        }
      ],
      [
        [4, 2, 1], {
          "pos": [4, 6.8],
          "type": "hold",
          "id": 28,
          "distance": 11
        }
      ],
      [
        [5, 2, 1], {
          "pos": [5, 6.8],
          "type": "hold",
          "id": 23,
          "distance": 10
        }
      ],
      [
        [6, 2, 1], {
          "pos": [6, 6.8],
          "type": "hold",
          "id": 33,
          "distance": 11
        }
      ],
      [
        [7, 2, 1], {
          "pos": [7, 6.8],
          "type": "hold",
          "id": 47,
          "distance": 12
        }
      ],
      [
        [8, 2, 1], {
          "pos": [8, 6.8],
          "type": "hold",
          "id": 60,
          "distance": 13
        }
      ],
      [
        [9, 2, 1], {
          "pos": [9, 6.8],
          "type": "hold",
          "id": 72,
          "distance": 14
        }
      ],
      [
        [0, 3, 1], {
          "pos": [0, 7.8],
          "type": "hold",
          "id": 80,
          "distance": 16
        }
      ],
      [
        [2, 3, 1], {
          "pos": [2, 7.8],
          "type": "hold",
          "id": 64,
          "distance": 14
        }
      ],
      [
        [4, 3, 1], {
          "pos": [4, 7.8],
          "type": "hold",
          "id": 21,
          "distance": 10
        }
      ],
      [
        [5, 3, 1], {
          "pos": [5, 7.8],
          "type": "ramp",
          "id": 20,
          "distance": 9
        }
      ],
      [
        [6, 3, 1], {
          "pos": [6, 7.8],
          "type": "hold",
          "id": 26,
          "distance": 10
        }
      ],
      [
        [7, 3, 1], {
          "pos": [7, 7.8],
          "type": "hold",
          "id": 36,
          "distance": 11
        }
      ],
      [
        [8, 3, 1], {
          "pos": [8, 7.8],
          "type": "hold",
          "id": 49,
          "distance": 12
        }
      ],
      [
        [3, 1, 2], {
          "pos": [3, 10.6],
          "type": "hold",
          "id": 65,
          "distance": 14
        }
      ],
      [
        [4, 0, 2], {
          "pos": [4, 9.6],
          "type": "hold",
          "id": 39,
          "distance": 12
        }
      ],
      [
        [4, 1, 2], {
          "pos": [4, 10.6],
          "type": "hold",
          "id": 53,
          "distance": 13
        }
      ],
      [
        [5, 0, 2], {
          "pos": [5, 9.6],
          "type": "ramp",
          "id": 30,
          "distance": 11
        }
      ],
      [
        [5, 1, 2], {
          "pos": [5, 10.6],
          "type": "hold",
          "id": 42,
          "distance": 12
        }
      ],
      [
        [6, 0, 2], {
          "pos": [6, 9.6],
          "type": "hold",
          "id": 43,
          "distance": 12
        }
      ],
      [
        [6, 1, 2], {
          "pos": [6, 10.6],
          "type": "hold",
          "id": 54,
          "distance": 13
        }
      ],
      [
        [7, 0, 2], {
          "pos": [7, 9.6],
          "type": "hold",
          "id": 55,
          "distance": 13
        }
      ],
      [
        [7, 1, 2], {
          "pos": [7, 10.6],
          "type": "hold",
          "id": 66,
          "distance": 14
        }
      ],
      [
        [8, 0, 2], {
          "pos": [8, 9.6],
          "type": "hold",
          "id": 67,
          "distance": 14
        }
      ],
      [
        [9, 0, 2], {
          "pos": [9, 9.6],
          "type": "hold",
          "id": 77,
          "distance": 15
        }
      ],
      [
        [9, 1, 2], {
          "pos": [9, 10.6],
          "type": "hold",
          "id": 82,
          "distance": 16
        }
      ],
      [
        [2, 2, 2], {
          "pos": [2, 11.6],
          "type": "hold",
          "id": 63,
          "distance": 14
        }
      ],
      [
        [3, 2, 2], {
          "pos": [3, 11.6],
          "type": "hold",
          "id": 52,
          "distance": 13
        }
      ],
      [
        [4, 2, 2], {
          "pos": [4, 11.6],
          "type": "hold",
          "id": 41,
          "distance": 12
        }
      ],
      [
        [5, 2, 2], {
          "pos": [5, 11.6],
          "type": "hold",
          "id": 31,
          "distance": 11
        }
      ],
      [
        [7, 2, 2], {
          "pos": [7, 11.6],
          "type": "hold",
          "id": 57,
          "distance": 13
        }
      ],
      [
        [8, 2, 2], {
          "pos": [8, 11.6],
          "type": "hold",
          "id": 69,
          "distance": 14
        }
      ],
      [
        [9, 2, 2], {
          "pos": [9, 11.6],
          "type": "hold",
          "id": 78,
          "distance": 15
        }
      ],
      [
        [3, 3, 2], {
          "pos": [3, 12.6],
          "type": "hold",
          "id": 38,
          "distance": 12
        }
      ],
      [
        [4, 3, 2], {
          "pos": [4, 12.6],
          "type": "hold",
          "id": 29,
          "distance": 11
        }
      ],
      [
        [5, 3, 2], {
          "pos": [5, 12.6],
          "type": "ramp",
          "id": 24,
          "distance": 10
        }
      ],
      [
        [6, 3, 2], {
          "pos": [6, 12.6],
          "type": "hold",
          "id": 34,
          "distance": 11
        }
      ],
      [
        [7, 3, 2], {
          "pos": [7, 12.6],
          "type": "hold",
          "id": 48,
          "distance": 12
        }
      ],
      [
        [9, 3, 2], {
          "pos": [9, 12.6],
          "type": "hold",
          "id": 84,
          "distance": 16
        }
      ]
    ],
    "edges": [
      [
        [0, 0, 0],
        [0, 1, 0], {}
      ],
      [
        [0, 0, 0],
        [1, 0, 0], {}
      ],
      [
        [0, 1, 0],
        [1, 1, 0], {}
      ],
      [
        [1, 0, 0],
        [1, 1, 0], {}
      ],
      [
        [1, 0, 0],
        [2, 0, 0], {}
      ],
      [
        [1, 1, 0],
        [1, 2, 0], {}
      ],
      [
        [1, 1, 0],
        [2, 1, 0], {}
      ],
      [
        [2, 0, 0],
        [2, 1, 0], {}
      ],
      [
        [2, 1, 0],
        [2, 2, 0], {}
      ],
      [
        [2, 1, 0],
        [3, 1, 0], {}
      ],
      [
        [3, 1, 0],
        [3, 2, 0], {}
      ],
      [
        [5, 0, 0],
        [5, 1, 0], {}
      ],
      [
        [5, 0, 0],
        [6, 0, 0], {}
      ],
      [
        [5, 0, 0],
        [5, 0, 1], {
          "ramp": true
        }
      ],
      [
        [5, 1, 0],
        [5, 2, 0], {}
      ],
      [
        [6, 0, 0],
        [7, 0, 0], {}
      ],
      [
        [7, 0, 0],
        [7, 1, 0], {}
      ],
      [
        [7, 1, 0],
        [8, 1, 0], {}
      ],
      [
        [8, 1, 0],
        [8, 2, 0], {}
      ],
      [
        [8, 1, 0],
        [9, 1, 0], {}
      ],
      [
        [1, 2, 0],
        [1, 3, 0], {}
      ],
      [
        [1, 2, 0],
        [2, 2, 0], {}
      ],
      [
        [2, 2, 0],
        [2, 3, 0], {}
      ],
      [
        [2, 2, 0],
        [3, 2, 0], {}
      ],
      [
        [3, 2, 0],
        [3, 3, 0], {}
      ],
      [
        [3, 2, 0],
        [4, 2, 0], {}
      ],
      [
        [4, 2, 0],
        [4, 3, 0], {}
      ],
      [
        [4, 2, 0],
        [5, 2, 0], {}
      ],
      [
        [5, 2, 0],
        [5, 3, 0], {}
      ],
      [
        [8, 2, 0],
        [8, 3, 0], {}
      ],
      [
        [0, 3, 0],
        [1, 3, 0], {}
      ],
      [
        [1, 3, 0],
        [2, 3, 0], {}
      ],
      [
        [2, 3, 0],
        [3, 3, 0], {}
      ],
      [
        [3, 3, 0],
        [4, 3, 0], {}
      ],
      [
        [4, 3, 0],
        [5, 3, 0], {}
      ],
      [
        [5, 3, 0],
        [5, 3, 1], {
          "ramp": true
        }
      ],
      [
        [8, 3, 0],
        [9, 3, 0], {}
      ],
      [
        [0, 0, 1],
        [0, 1, 1], {}
      ],
      [
        [0, 0, 1],
        [1, 0, 1], {}
      ],
      [
        [0, 1, 1],
        [0, 2, 1], {}
      ],
      [
        [0, 1, 1],
        [1, 1, 1], {}
      ],
      [
        [1, 0, 1],
        [1, 1, 1], {}
      ],
      [
        [1, 0, 1],
        [2, 0, 1], {}
      ],
      [
        [1, 1, 1],
        [1, 2, 1], {}
      ],
      [
        [1, 1, 1],
        [2, 1, 1], {}
      ],
      [
        [2, 0, 1],
        [2, 1, 1], {}
      ],
      [
        [2, 1, 1],
        [2, 2, 1], {}
      ],
      [
        [2, 1, 1],
        [3, 1, 1], {}
      ],
      [
        [3, 1, 1],
        [3, 2, 1], {}
      ],
      [
        [3, 1, 1],
        [4, 1, 1], {}
      ],
      [
        [4, 0, 1],
        [4, 1, 1], {}
      ],
      [
        [4, 0, 1],
        [5, 0, 1], {}
      ],
      [
        [4, 1, 1],
        [4, 2, 1], {}
      ],
      [
        [5, 0, 1],
        [6, 0, 1], {}
      ],
      [
        [5, 0, 1],
        [5, 0, 2], {
          "ramp": true
        }
      ],
      [
        [6, 0, 1],
        [6, 1, 1], {}
      ],
      [
        [6, 0, 1],
        [7, 0, 1], {}
      ],
      [
        [6, 1, 1],
        [6, 2, 1], {}
      ],
      [
        [6, 1, 1],
        [7, 1, 1], {}
      ],
      [
        [7, 0, 1],
        [7, 1, 1], {}
      ],
      [
        [7, 0, 1],
        [8, 0, 1], {}
      ],
      [
        [7, 1, 1],
        [7, 2, 1], {}
      ],
      [
        [8, 0, 1],
        [9, 0, 1], {}
      ],
      [
        [0, 2, 1],
        [0, 3, 1], {}
      ],
      [
        [0, 2, 1],
        [1, 2, 1], {}
      ],
      [
        [1, 2, 1],
        [2, 2, 1], {}
      ],
      [
        [2, 2, 1],
        [2, 3, 1], {}
      ],
      [
        [2, 2, 1],
        [3, 2, 1], {}
      ],
      [
        [3, 2, 1],
        [4, 2, 1], {}
      ],
      [
        [4, 2, 1],
        [4, 3, 1], {}
      ],
      [
        [4, 2, 1],
        [5, 2, 1], {}
      ],
      [
        [5, 2, 1],
        [5, 3, 1], {}
      ],
      [
        [5, 2, 1],
        [6, 2, 1], {}
      ],
      [
        [6, 2, 1],
        [6, 3, 1], {}
      ],
      [
        [6, 2, 1],
        [7, 2, 1], {}
      ],
      [
        [7, 2, 1],
        [7, 3, 1], {}
      ],
      [
        [7, 2, 1],
        [8, 2, 1], {}
      ],
      [
        [8, 2, 1],
        [8, 3, 1], {}
      ],
      [
        [8, 2, 1],
        [9, 2, 1], {}
      ],
      [
        [4, 3, 1],
        [5, 3, 1], {}
      ],
      [
        [5, 3, 1],
        [6, 3, 1], {}
      ],
      [
        [5, 3, 1],
        [5, 3, 2], {
          "ramp": true
        }
      ],
      [
        [6, 3, 1],
        [7, 3, 1], {}
      ],
      [
        [7, 3, 1],
        [8, 3, 1], {}
      ],
      [
        [3, 1, 2],
        [3, 2, 2], {}
      ],
      [
        [3, 1, 2],
        [4, 1, 2], {}
      ],
      [
        [4, 0, 2],
        [4, 1, 2], {}
      ],
      [
        [4, 0, 2],
        [5, 0, 2], {}
      ],
      [
        [4, 1, 2],
        [4, 2, 2], {}
      ],
      [
        [4, 1, 2],
        [5, 1, 2], {}
      ],
      [
        [5, 0, 2],
        [5, 1, 2], {}
      ],
      [
        [5, 0, 2],
        [6, 0, 2], {}
      ],
      [
        [5, 1, 2],
        [5, 2, 2], {}
      ],
      [
        [5, 1, 2],
        [6, 1, 2], {}
      ],
      [
        [6, 0, 2],
        [6, 1, 2], {}
      ],
      [
        [6, 0, 2],
        [7, 0, 2], {}
      ],
      [
        [6, 1, 2],
        [7, 1, 2], {}
      ],
      [
        [7, 0, 2],
        [7, 1, 2], {}
      ],
      [
        [7, 0, 2],
        [8, 0, 2], {}
      ],
      [
        [7, 1, 2],
        [7, 2, 2], {}
      ],
      [
        [8, 0, 2],
        [9, 0, 2], {}
      ],
      [
        [9, 0, 2],
        [9, 1, 2], {}
      ],
      [
        [9, 1, 2],
        [9, 2, 2], {}
      ],
      [
        [2, 2, 2],
        [3, 2, 2], {}
      ],
      [
        [3, 2, 2],
        [3, 3, 2], {}
      ],
      [
        [3, 2, 2],
        [4, 2, 2], {}
      ],
      [
        [4, 2, 2],
        [4, 3, 2], {}
      ],
      [
        [4, 2, 2],
        [5, 2, 2], {}
      ],
      [
        [5, 2, 2],
        [5, 3, 2], {}
      ],
      [
        [7, 2, 2],
        [7, 3, 2], {}
      ],
      [
        [7, 2, 2],
        [8, 2, 2], {}
      ],
      [
        [8, 2, 2],
        [9, 2, 2], {}
      ],
      [
        [9, 2, 2],
        [9, 3, 2], {}
      ],
      [
        [3, 3, 2],
        [4, 3, 2], {}
      ],
      [
        [4, 3, 2],
        [5, 3, 2], {}
      ],
      [
        [5, 3, 2],
        [6, 3, 2], {}
      ],
      [
        [6, 3, 2],
        [7, 3, 2], {}
      ]
    ]
  }
}