{
  "N": 46,
  "E": [
    [0, 1],
    [0, 2],
    [1, 3],
    [1, 4],
    [2, 4],
    [2, 5],
    [4, 6],
    [4, 7],
    [5, 7],
    [7, 8],
    [8, 9],
    [8, 10],
    [11, 10],
    [11, 13],
    [10, 12],
    [13, 12],
    [13, 18],
    [13, 16],
    [12, 14],
    [12, 15],
    [18, 15],
    [18, 25],
    [15, 19],
    [15, 20],
    [25, 20],
    [25, 31],
    [20, 26],
    [31, 26],
    [31, 37],
    [26, 32],
    [26, 33],
    [37, 33],
    [33, 38],
    [3, 6],
    [14, 19],
    [14, 17],
    [32, 38],
    [42, 43],
    [42, 39],
    [43, 44],
    [39, 34],
    [34, 40],
    [34, 27],
    [40, 35],
    [27, 35],
    [27, 21],
    [35, 41],
    [35, 28],
    [21, 28],
    [21, 16],
    [28, 22],
    [16, 22],
    [16, 23],
    [22, 17],
    [22, 29],
    [23, 29],
    [29, 24],
    [29, 36],
    [36, 30],
    [44, 45],
    [17, 24],
    [24, 30]
  ],
  "P": 5,
  "K": [
    [
      [0, 1], 8
    ],
    [
      [0, 2], 2
    ],
    [
      [0, 3], 8
    ],
    [
      [1, 2], 8
    ],
    [
      [1, 4], 18
    ],
    [
      [2, 4], 1
    ],
    [
      [3, 4], 18
    ]
  ],
  "F": 100,
  "LB": 13259,
  "grid_graph": {
    "nodes": [
      [
        [0, 0, 0], {
          "pos": [0, 0.0],
          "type": "gate",
          "id": 0,
          "distance": 0
        }
      ],
      [
        [0, 1, 0], {
          "pos": [0, 1.0],
          "type": "hold",
          "id": 1,
          "distance": 1
        }
      ],
      [
        [1, 0, 0], {
          "pos": [1, 0.0],
          "type": "hold",
          "id": 2,
          "distance": 1
        }
      ],
      [
        [1, 1, 0], {
          "pos": [1, 1.0],
          "type": "hold",
          "id": 4,
          "distance": 2
        }
      ],
      [
        [2, 0, 0], {
          "pos": [2, 0.0],
          "type": "hold",
          "id": 5,
          "distance": 2
        }
      ],
      [
        [2, 1, 0], {
          "pos": [2, 1.0],
          "type": "hold",
          "id": 7,
          "distance": 3
        }
      ],
      [
        [3, 1, 0], {
          "pos": [3, 1.0],
          "type": "hold",
          "id": 8,
          "distance": 4
        }
      ],
      [
        [4, 0, 0], {
          "pos": [4, 0.0],
          "type": "hold",
          "id": 11,
          "distance": 6
        }
      ],
      [
        [4, 1, 0], {
          "pos": [4, 1.0],
          "type": "hold",
          "id": 10,
          "distance": 5
        }
      ],
      [
        [5, 0, 0], {
          "pos": [5, 0.0],
          "type": "ramp",
          "id": 13,
          "distance": 7
        }
      ],
      [
        [5, 1, 0], {
          "pos": [5, 1.0],
          "type": "hold",
          "id": 12,
          "distance": 6
        }
      ],
      [
        [6, 0, 0], {
          "pos": [6, 0.0],
          "type": "hold",
          "id": 18,
          "distance": 8
        }
      ],
      [
        [6, 1, 0], {
          "pos": [6, 1.0],
          "type": "hold",
          "id": 15,
          "distance": 7
        }
      ],
      [
        [7, 0, 0], {
          "pos": [7, 0.0],
          "type": "hold",
          "id": 25,
          "distance": 9
        }
      ],
      [
        [7, 1, 0], {
          "pos": [7, 1.0],
          "type": "hold",
          "id": 20,
          "distance": 8
        }
      ],
      [
        [8, 0, 0], {
          "pos": [8, 0.0],
          "type": "hold",
          "id": 31,
          "distance": 10
        }
      ],
      [
        [8, 1, 0], {
          "pos": [8, 1.0],
          "type": "hold",
          "id": 26,
          "distance": 9
        }
      ],
      [
        [9, 0, 0], {
          "pos": [9, 0.0],
          "type": "hold",
          "id": 37,
          "distance": 11
        }
      ],
      [
        [9, 1, 0], {
          "pos": [9, 1.0],
          "type": "hold",
          "id": 33,
          "distance": 10
        }
      ],
      [
        [0, 2, 0], {
          "pos": [0, 2.0],
          "type": "hold",
          "id": 3,
          "distance": 2
        }
      ],
      [
        [1, 2, 0], {
          "pos": [1, 2.0],
          "type": "hold",
          "id": 6,
          "distance": 3
        }
      ],
      [
        [3, 2, 0], {
          "pos": [3, 2.0],
          "type": "hold",
          "id": 9,
          "distance": 5
        }
      ],
      [
        [5, 2, 0], {
          "pos": [5, 2.0],
          "type": "ramp",
          "id": 14,
          "distance": 7
        }
      ],
      [
        [6, 2, 0], {
          "pos": [6, 2.0],
          "type": "hold",
          "id": 19,
          "distance": 8
        }
      ],
      [
        [8, 2, 0], {
          "pos": [8, 2.0],
          "type": "hold",
          "id": 32,
          "distance": 10
        }
      ],
      [
        [9, 2, 0], {
          "pos": [9, 2.0],
          "type": "hold",
          "id": 38,
          "distance": 11
        }
      ],
      [
        [0, 0, 1], {
          "pos": [0, 3.5999999999999996],
          "type": "hold",
          "id": 42,
          "distance": 13
        }
      ],
      [
        [0, 1, 1], {
          "pos": [0, 4.6],
          "type": "hold",
          "id": 43,
          "distance": 14
        }
      ],
      [
        [1, 0, 1], {
          "pos": [1, 3.5999999999999996],
          "type": "hold",
          "id": 39,
          "distance": 12
        }
      ],
      [
        [2, 0, 1], {
          "pos": [2, 3.5999999999999996],
          "type": "hold",
          "id": 34,
          "distance": 11
        }
      ],
      [
        [2, 1, 1], {
          "pos": [2, 4.6],
          "type": "hold",
          "id": 40,
          "distance": 12
        }
      ],
      [
        [3, 0, 1], {
          "pos": [3, 3.5999999999999996],
          "type": "hold",
          "id": 27,
          "distance": 10
        }
      ],
      [
        [3, 1, 1], {
          "pos": [3, 4.6],
          "type": "hold",
          "id": 35,
          "distance": 11
        }
      ],
      [
        [4, 0, 1], {
          "pos": [4, 3.5999999999999996],
          "type": "hold",
          "id": 21,
          "distance": 9
        }
      ],
      [
        [4, 1, 1], {
          "pos": [4, 4.6],
          "type": "hold",
          "id": 28,
          "distance": 10
        }
      ],
      [
        [5, 0, 1], {
          "pos": [5, 3.5999999999999996],
          "type": "ramp",
          "id": 16,
          "distance": 8
        }
      ],
      [
        [5, 1, 1], {
          "pos": [5, 4.6],
          "type": "hold",
          "id": 22,
          "distance": 9
        }
      ],
      [
        [6, 0, 1], {
          "pos": [6, 3.5999999999999996],
          "type": "hold",
          "id": 23,
          "distance": 9
        }
      ],
      [
        [6, 1, 1], {
          "pos": [6, 4.6],
          "type": "hold",
          "id": 29,
          "distance": 10
        }
      ],
      [
        [7, 1, 1], {
          "pos": [7, 4.6],
          "type": "hold",
          "id": 36,
          "distance": 11
        }
      ],
      [
        [0, 2, 1], {
          "pos": [0, 5.6],
          "type": "hold",
          "id": 44,
          "distance": 15
        }
      ],
      [
        [1, 2, 1], {
          "pos": [1, 5.6],
          "type": "hold",
          "id": 45,
          "distance": 16
        }
      ],
      [
        [3, 2, 1], {
          "pos": [3, 5.6],
          "type": "hold",
          "id": 41,
          "distance": 12
        }
      ],
      [
        [5, 2, 1], {
          "pos": [5, 5.6],
          "type": "ramp",
          "id": 17,
          "distance": 8
        }
      ],
      [
        [6, 2, 1], {
          "pos": [6, 5.6],
          "type": "hold",
          "id": 24,
          "distance": 9
        }
      ],
      [
        [7, 2, 1], {
          "pos": [7, 5.6],
          "type": "hold",
          "id": 30,
          "distance": 10
        }
      ]
    ],
    "edges": [
      [
        [0, 0, 0],
        [0, 1, 0], {}
      ],
      [
        [0, 0, 0],
        [1, 0, 0], {}
      ],
      [
        [0, 1, 0],
        [0, 2, 0], {}
      ],
      [
        [0, 1, 0],
        [1, 1, 0], {}
      ],
      [
        [1, 0, 0],
        [1, 1, 0], {}
      ],
      [
        [1, 0, 0],
        [2, 0, 0], {}
      ],
      [
        [1, 1, 0],
        [1, 2, 0], {}
      ],
      [
        [1, 1, 0],
        [2, 1, 0], {}
      ],
      [
        [2, 0, 0],
        [2, 1, 0], {}
      ],
      [
        [2, 1, 0],
        [3, 1, 0], {}
      ],
      [
        [3, 1, 0],
        [3, 2, 0], {}
      ],
      [
        [3, 1, 0],
        [4, 1, 0], {}
      ],
      [
        [4, 0, 0],
        [4, 1, 0], {}
      ],
      [
        [4, 0, 0],
        [5, 0, 0], {}
      ],
      [
        [4, 1, 0],
        [5, 1, 0], {}
      ],
      [
        [5, 0, 0],
        [5, 1, 0], {}
      ],
      [
        [5, 0, 0],
        [6, 0, 0], {}
      ],
      [
        [5, 0, 0],
        [5, 0, 1], {
          "ramp": true
        }
      ],
      [
        [5, 1, 0],
        [5, 2, 0], {}
      ],
      [
        [5, 1, 0],
        [6, 1, 0], {}
      ],
      [
        [6, 0, 0],
        [6, 1, 0], {}
      ],
      [
        [6, 0, 0],
        [7, 0, 0], {}
      ],
      [
        [6, 1, 0],
        [6, 2, 0], {}
      ],
      [
        [6, 1, 0],
        [7, 1, 0], {}
      ],
      [
        [7, 0, 0],
        [7, 1, 0], {}
      ],
      [
        [7, 0, 0],
        [8, 0, 0], {}
      ],
      [
        [7, 1, 0],
        [8, 1, 0], {}
      ],
      [
        [8, 0, 0],
        [8, 1, 0], {}
      ],
      [
        [8, 0, 0],
        [9, 0, 0], {}
      ],
      [
        [8, 1, 0],
        [8, 2, 0], {}
      ],
      [
        [8, 1, 0],
        [9, 1, 0], {}
      ],
      [
        [9, 0, 0],
        [9, 1, 0], {}
      ],
      [
        [9, 1, 0],
        [9, 2, 0], {}
      ],
      [
        [0, 2, 0],
        [1, 2, 0], {}
      ],
      [
        [5, 2, 0],
        [6, 2, 0], {}
      ],
      [
        [5, 2, 0],
        [5, 2, 1], {
          "ramp": true
        }
      ],
      [
        [8, 2, 0],
        [9, 2, 0], {}
      ],
      [
        [0, 0, 1],
        [0, 1, 1], {}
      ],
      [
        [0, 0, 1],
        [1, 0, 1], {}
      ],
      [
        [0, 1, 1],
        [0, 2, 1], {}
      ],
      [
        [1, 0, 1],
        [2, 0, 1], {}
      ],
      [
        [2, 0, 1],
        [2, 1, 1], {}
      ],
      [
        [2, 0, 1],
        [3, 0, 1], {}
      ],
      [
        [2, 1, 1],
        [3, 1, 1], {}
      ],
      [
        [3, 0, 1],
        [3, 1, 1], {}
      ],
      [
        [3, 0, 1],
        [4, 0, 1], {}
      ],
      [
        [3, 1, 1],
        [3, 2, 1], {}
      ],
      [
        [3, 1, 1],
        [4, 1, 1], {}
      ],
      [
        [4, 0, 1],
        [4, 1, 1], {}
      ],
      [
        [4, 0, 1],
        [5, 0, 1], {}
      ],
      [
        [4, 1, 1],
        [5, 1, 1], {}
      ],
      [
        [5, 0, 1],
        [5, 1, 1], {}
      ],
      [
        [5, 0, 1],
        [6, 0, 1], {}
      ],
      [
        [5, 1, 1],
        [5, 2, 1], {}
      ],
      [
        [5, 1, 1],
        [6, 1, 1], {}
      ],
      [
        [6, 0, 1],
        [6, 1, 1], {}
      ],
      [
        [6, 1, 1],
        [6, 2, 1], {}
      ],
      [
        [6, 1, 1],
        [7, 1, 1], {}
      ],
      [
        [7, 1, 1],
        [7, 2, 1], {}
      ],
      [
        [0, 2, 1],
        [1, 2, 1], {}
      ],
      [
        [5, 2, 1],
        [6, 2, 1], {}
      ],
      [
        [6, 2, 1],
        [7, 2, 1], {}
      ]
    ]
  }
}